id,conversation_id,created_at,date,time,timezone,user_id,username,name,place,tweet,language,mentions,urls,photos,replies_count,retweets_count,likes_count,hashtags,cashtags,link,retweet,quote_url,video,thumbnail,near,geo,source,user_rt_id,user_rt,retweet_id,reply_to,retweet_date,translate,trans_src,trans_dest
1628887707249254401,1628887707249254401,2023-02-24 04:11:07 IST,2023-02-24,04:11:07,+0530,4822796069,brooksyburger,BBurger,,Fake people are like parasites. They'll cling onto you and suck the life out of you until there's nothing left. Don't let these manipulators get the best of you. Stay true to yourself and don't let anyone take advantage of your kindness. #NoMoreFakePeople #StandStrong,en,[],[],[],4,0,6,"['nomorefakepeople', 'standstrong']",[],https://twitter.com/brooksyburger/status/1628887707249254401,False,,0,,,,,,,,[],,,,
1628807500270129152,1628455899047112705,2023-02-23 22:52:24 IST,2023-02-23,22:52:24,+0530,1563282372992258050,shakakahn4,Shaka Kahn,,@BryanDGriffin @NBCNews @MSNBC @GovRonDeSantis @mitchellreports Good. #Standstrong,en,[],[],[],0,0,1,['standstrong'],[],https://twitter.com/ShakaKahn4/status/1628807500270129152,False,,0,,,,,,,,"[{'screen_name': 'BryanDGriffin', 'name': 'Bryan Griffin', 'id': '85731130'}, {'screen_name': 'NBCNews', 'name': 'NBC News', 'id': '14173315'}, {'screen_name': 'MSNBC', 'name': 'MSNBC', 'id': '2836421'}, {'screen_name': 'GovRonDeSantis', 'name': 'Ron DeSantis', 'id': '1058807868'}, {'screen_name': 'mitchellreports', 'name': 'Andrea Mitchell', 'id': '89820928'}]",,,,
1628716759187349504,1628716759187349504,2023-02-23 16:51:50 IST,2023-02-23,16:51:50,+0530,1610589526073696259,pkfwindsor1,PKFWINDSOR,,#homeedwindsor #homeducation #oxford #english #windsorlife #talentedkids #educatedfamily #educatedmother #masterdegree #sussexuni #familyiseverything #britishfamily #authentic #putyourselffirst #standstrong #believeinyourself #23february2023‚ù§Ô∏è  https://t.co/m3YItw5xHl,und,[],['https://www.instagram.com/p/CpAH8T7o70gDJW7QGG5pPYn-PJjHIKa7j12Hfs0/?igshid=MDJmNzVkMjY='],[],0,0,0,"['homeedwindsor', 'homeducation', 'oxford', 'english', 'windsorlife', 'talentedkids', 'educatedfamily', 'educatedmother', 'masterdegree', 'sussexuni', 'familyiseverything', 'britishfamily', 'authentic', 'putyourselffirst', 'standstrong', 'believeinyourself', '23february2023']",[],https://twitter.com/pkfwindsor1/status/1628716759187349504,False,,0,,,,,,,,[],,,,
1628688869850857473,1628688869850857473,2023-02-23 15:01:00 IST,2023-02-23,15:01:00,+0530,1180511205036904448,orlaghreidpsych,Orlagh Reid,,"Coming to the end of my walk 80km in February for @Womens_Aid. #Standstrong for women experiencing ALL abuse in Ireland, support using donation link in bio. @StalkingIreland @WomensInspireIE  https://t.co/6Gu42fvYJ9",en,"[{'screen_name': 'womens_aid', 'name': ""women's aid ireland"", 'id': '44591137'}, {'screen_name': 'stalkingireland', 'name': 'stalking in ireland', 'id': '1427960225814953984'}, {'screen_name': 'womensinspireie', 'name': 'womens inspire network', 'id': '2494401560'}]",[],['https://pbs.twimg.com/media/FppD3ffXgAA8oWR.jpg'],0,0,4,['standstrong'],[],https://twitter.com/orlaghreidpsych/status/1628688869850857473,False,,1,https://pbs.twimg.com/media/FppD3ffXgAA8oWR.jpg,,,,,,,[],,,,
1628631640460169216,1628479157654130689,2023-02-23 11:13:36 IST,2023-02-23,11:13:36,+0530,1147586875206590464,kathygoeswild1,Kathygoeswild,,@JerasIkehorn #standstrong üñê,und,[],[],[],0,0,1,['standstrong'],[],https://twitter.com/Kathygoeswild1/status/1628631640460169216,False,,0,,,,,,,,"[{'screen_name': 'JerasIkehorn', 'name': 'Jeras Ikehorn', 'id': '936788589622435842'}]",,,,
1628592254314217472,1628592254314217472,2023-02-23 08:37:05 IST,2023-02-23,08:37:05,+0530,1516901871381667840,sams1kanyesigye,Samson kan Holyboy,,"Big sam jhs rest bro, we shall push one more time, God shall see you through. #standstrong ‚úåÔ∏è‚úåÔ∏è‚úåÔ∏è",en,[],[],[],0,0,2,['standstrong'],[],https://twitter.com/Sams1Kanyesigye/status/1628592254314217472,False,,0,,,,,,,,[],,,,
1628591941368655872,1628591941368655872,2023-02-23 08:35:51 IST,2023-02-23,08:35:51,+0530,723724519786057732,zionshelp,Zion's Help,,Stand Strong! #ZionsHelp #Wordoftheday #WordsofWisdom #StandStrong #Foundation #DontPanic  https://t.co/FDKTG6GBWY,en,[],[],['https://pbs.twimg.com/media/FpnrvZEXsAMJjel.jpg'],0,0,0,"['zionshelp', 'wordoftheday', 'wordsofwisdom', 'standstrong', 'foundation', 'dontpanic']",[],https://twitter.com/ZionsHelp/status/1628591941368655872,False,,1,https://pbs.twimg.com/media/FpnrvZEXsAMJjel.jpg,,,,,,,[],,,,
1628564474985684992,1628479157654130689,2023-02-23 06:46:42 IST,2023-02-23,06:46:42,+0530,521813424,nmaznio,Nancy Maznio‚òÆÔ∏è,,@JerasIkehorn ‚úã#StandStrong,und,[],[],[],0,0,1,['standstrong'],[],https://twitter.com/NMaznio/status/1628564474985684992,False,,0,,,,,,,,"[{'screen_name': 'JerasIkehorn', 'name': 'Jeras Ikehorn', 'id': '936788589622435842'}]",,,,
1628479232077889536,1628479232077889536,2023-02-23 01:07:59 IST,2023-02-23,01:07:59,+0530,936788589622435842,jerasikehorn,Jeras Ikehorn,,Raise your proud hand if you you still #StandStrong in your support of Ukraine! ü§ö,en,[],[],[],12,6,44,['standstrong'],[],https://twitter.com/JerasIkehorn/status/1628479232077889536,False,,0,,,,,,,,[],,,,
1628479157654130689,1628479157654130689,2023-02-23 01:07:41 IST,2023-02-23,01:07:41,+0530,936788589622435842,jerasikehorn,Jeras Ikehorn,,Ask yourself this: do I still ‚Äò#StandStrong with Ukraine‚Äô after 1 year of war?!  If you do‚Ä¶ Raise your proud hand stating you still #StandStrong in your support of Ukraine! ü§ö,en,[],[],[],15,15,52,"['standstrong', 'standstrong']",[],https://twitter.com/JerasIkehorn/status/1628479157654130689,False,,0,,,,,,,,[],,,,
1628401353713123330,1628401353713123330,2023-02-22 19:58:31 IST,2023-02-22,19:58:31,+0530,1600686909390479360,afro_gardn,AfroGardn,,Davido X Kiddominant back in the studio cooking üßë‚Äçüç≥. Do you think this is the double COMEBACK &amp; CROSSOVER that the superstar needs to dominate the industry once again? You just can‚Äôt love him less ü•πüíöüíê  #30bg #davido #sade #kiddominant #comeback #standstrong  https://t.co/GReua3ztE3,en,[],[],[],0,2,1,"['30bg', 'davido', 'sade', 'kiddominant', 'comeback', 'standstrong']",[],https://twitter.com/Afro_Gardn/status/1628401353713123330,False,,1,https://pbs.twimg.com/ext_tw_video_thumb/1628401108124069894/pu/img/nuJD2Xv9aqaHYdhV.jpg,,,,,,,[],,,,
1628346229544607745,1628346229544607745,2023-02-22 16:19:28 IST,2023-02-22,16:19:28,+0530,1398575567272742916,mrgoodfella8,Mr_good_fella,,#Standstrong against #indoctrination,en,[],[],[],0,0,0,"['standstrong', 'indoctrination']",[],https://twitter.com/Mrgoodfella8/status/1628346229544607745,False,https://twitter.com/CasuallyGreg/status/1627702066314645506,0,,,,,,,,[],,,,
1628302178996682752,1628302178996682752,2023-02-22 13:24:26 IST,2023-02-22,13:24:26,+0530,1563198106141065216,joyfulcareuk,Joyful Care,,We are sending are prayers to Palestine. #StandStrong,en,[],[],[],0,0,1,['standstrong'],[],https://twitter.com/joyfulcareuk/status/1628302178996682752,False,https://twitter.com/bad_shak2/status/1628033894246240256,0,,,,,,,,[],,,,
1628299725253513217,1628299725253513217,2023-02-22 13:14:41 IST,2023-02-22,13:14:41,+0530,1510952365717082118,hindipressroom,Hindi Pressroom,,"‡§Ö‡§Æ‡•á‡§∞‡§ø‡§ï‡•Ä ‡§∞‡§æ‡§∑‡•ç‡§ü‡•ç‡§∞‡§™‡§§‡§ø ‡§ú‡•ã ‡§¨‡§ø‡§°‡•á‡§® ‡§®‡•á ‡§ï‡§π‡§æ ‡§ï‡§ø ‡§∞‡•Ç‡§∏ ‡§ï‡•á ‡§Ü‡§ï‡•ç‡§∞‡§Æ‡§£ ‡§ï‡•á ‡§è‡§ï ‡§∏‡§æ‡§≤ ‡§¨‡§æ‡§¶ ‡§Ø‡•Ç‡§ï‡•ç‡§∞‡•á‡§® ""‡§Æ‡§ú‡§¨‡•Ç‡§§ ‡§ñ‡§°‡§º‡§æ ‡§π‡•à"" ‡§î‡§∞ ‡§Æ‡§æ‡§∏‡•ç‡§ï‡•ã ‡§á‡§∏‡•á ‡§ï‡§≠‡•Ä ‡§®‡§π‡•Ä‡§Ç ‡§π‡§∞‡§æ‡§è‡§ó‡§æ‡•§ ‡§î‡§∞ ‡§™‡§¢‡§º‡•á‡§Ç:- https://t.co/5H0IGKDVIn  #‡§Ø‡•Ç‡§ï‡•ç‡§∞‡•á‡§® #‡§∞‡•Ç‡§∏ #‡§ú‡•ã‡§¨‡§ø‡§°‡•á‡§® #‡§π‡§ø‡§®‡•ç‡§¶‡•Ä‡§™‡•ç‡§∞‡•á‡§∏‡§∞‡•Ç‡§Æ #ukraine  #UkraineRussianWar #USpresident #joebiden #StandWithUkraine #standstrong  https://t.co/JysqHwHMH0",hi,[],['https://hindi.pressroom.today'],['https://pbs.twimg.com/media/Fpjgid8acAAm-f_.jpg'],0,0,1,"['‡§Ø‡•Ç‡§ï‡•ç‡§∞‡•á‡§®', '‡§∞‡•Ç‡§∏', '‡§ú‡•ã‡§¨‡§ø‡§°‡•á‡§®', '‡§π‡§ø‡§®‡•ç‡§¶‡•Ä‡§™‡•ç‡§∞‡•á‡§∏‡§∞‡•Ç‡§Æ', 'ukraine', 'ukrainerussianwar', 'uspresident', 'joebiden', 'standwithukraine', 'standstrong']",[],https://twitter.com/HindiPressroom/status/1628299725253513217,False,,1,https://pbs.twimg.com/media/Fpjgid8acAAm-f_.jpg,,,,,,,[],,,,
1628273771491520513,1628273771491520513,2023-02-22 11:31:33 IST,2023-02-22,11:31:33,+0530,1551330529856856064,soulgrowthjamie,The Soul Growth Sessions,,"When you know who you are... and stay true to yourself, you will find the strength to weather any storm.  #innerstrength #standstrong #spirituallife  https://t.co/tXfLpVTgEV",en,[],[],[],0,0,0,"['innerstrength', 'standstrong', 'spirituallife']",[],https://twitter.com/SoulGrowthJamie/status/1628273771491520513,False,,1,https://pbs.twimg.com/ext_tw_video_thumb/1628273714251825153/pu/img/rgVsRCr5-w9YWbuA.jpg,,,,,,,[],,,,
1628084377396686873,1628084377396686873,2023-02-21 22:58:58 IST,2023-02-21,22:58:58,+0530,775152142004912129,mrvistogi,Trap Mines ü´∞ü´°ü´°,,So @davido you Dey watch us Dey suffer say we no see you online and you no wan gree pull up ‚Ä¶ no be sha ooo ‚Ä¶ me personally I miss you online!!! #Standstrong,en,"[{'screen_name': 'davido', 'name': 'davido', 'id': '192947735'}]",[],[],0,0,0,['standstrong'],[],https://twitter.com/MrVistogi/status/1628084377396686873,False,,0,,,,,,,,[],,,,
1628073962621247488,1628073962621247488,2023-02-21 22:17:35 IST,2023-02-21,22:17:35,+0530,255047320,saleemqadri_,Saleem Iqbal Qadri,,"‚ÄúOne year ago, the world was bracing for the fall of #Kyiv. Well I‚Äôve just come from #Kyiv and I can report Kyiv #Standstrong ,"" #Biden says.  https://t.co/dcVj1oHJAF",en,[],[],['https://pbs.twimg.com/media/FpgUoyPaMAAR90T.jpg'],0,0,0,"['kyiv', 'kyiv', 'standstrong', 'biden']",[],https://twitter.com/SaleemQadri_/status/1628073962621247488,False,,1,https://pbs.twimg.com/media/FpgUoyPaMAAR90T.jpg,,,,,,,[],,,,
1628040747436896256,1628040747436896256,2023-02-21 20:05:36 IST,2023-02-21,20:05:36,+0530,3049633675,somide_samuel,Sam,,@davido you remember you saying in #Standstrong that #30BG dey your back up? We are here still praying for you man üíï,en,[],[],[],0,0,0,"['standstrong', '30bg']",[],https://twitter.com/Somide_Samuel/status/1628040747436896256,False,,0,,,,,,,,[],,,,
1628019689124134913,1627985115447017475,2023-02-21 18:41:55 IST,2023-02-21,18:41:55,+0530,1496830559212949504,cryptovaderr,Vader Saita.pro,,@cody_vajdak Sorry to hear family alot of  scams and links being sent out  hope you Had some back up üê∫ #standstrong,en,[],[],[],1,0,2,['standstrong'],[],https://twitter.com/CryptoVaderr/status/1628019689124134913,False,,0,,,,,,,,"[{'screen_name': 'cody_vajdak', 'name': 'Cody Vajdak', 'id': '1487861926692544513'}]",,,,
1627905782103638016,1627905782103638016,2023-02-21 11:09:18 IST,2023-02-21,11:09:18,+0530,1587893107059671040,cmdr_sinclair,Paige Ashley,,#Batman  #DCcomics  #Standstrong  https://t.co/f6OifFP8oz,qme,[],[],['https://pbs.twimg.com/media/Fpd7rbiXoAAr_oL.jpg'],0,0,0,"['batman', 'dccomics', 'standstrong']",[],https://twitter.com/Cmdr_Sinclair/status/1627905782103638016,False,,1,https://pbs.twimg.com/media/Fpd7rbiXoAAr_oL.jpg,,,,,,,[],,,,
1627835828054401024,1627835828054401024,2023-02-21 06:31:19 IST,2023-02-21,06:31:19,+0530,1459634116496928769,laurenb34896807,Cherry,,"ü§¶‚Äç‚ôÄÔ∏èthis is so painful , may the souls lost rest in perfect peace ,God help the families who lost their loved once  #AtomicHeart  #turkeyearthquake2023  #Ÿáÿ≤ÿ©_ÿ£ÿ±ÿ∂Ÿäÿ© #standstrong  #painful  https://t.co/26gdNnkl4D",en,[],[],['https://pbs.twimg.com/media/Fpc8DKoXgAEdTsG.jpg'],0,0,1,"['atomicheart', 'turkeyearthquake2023', 'Ÿáÿ≤ÿ©_ÿ£ÿ±ÿ∂Ÿäÿ©', 'standstrong', 'painful']",[],https://twitter.com/LaurenB34896807/status/1627835828054401024,False,,1,https://pbs.twimg.com/media/Fpc8DKoXgAEdTsG.jpg,,,,,,,[],,,,
1627789791210135558,1627789791210135558,2023-02-21 03:28:23 IST,2023-02-21,03:28:23,+0530,3296318473,queen1e_nc,LaReginaNYFL üíïüëë,,#GoodByePV #BreakUpPV #IStandWithJamesOKeefe  @Project_Veritas is losing followers left and right. Conservative are angry. Donors are asking for money back. Good bye to you. You just buried the company. @JamesOKeefeIII we will ALL follow you. #StandTall #StandStrong #ArmorOfGod  https://t.co/7LdSxeoBKE,en,"[{'screen_name': 'project_veritas', 'name': 'project veritas', 'id': '850036892'}, {'screen_name': 'jamesokeefeiii', 'name': ""james o'keefe"", 'id': '16989178'}]",[],['https://pbs.twimg.com/media/FpcSLskXwAEtGGy.jpg'],0,0,0,"['goodbyepv', 'breakuppv', 'istandwithjamesokeefe', 'standtall', 'standstrong', 'armorofgod']",[],https://twitter.com/QUEEN1E_NC/status/1627789791210135558,False,,1,https://pbs.twimg.com/media/FpcSLskXwAEtGGy.jpg,,,,,,,[],,,,
1627766866251743233,1627766866251743233,2023-02-21 01:57:18 IST,2023-02-21,01:57:18,+0530,1587893107059671040,cmdr_sinclair,Paige Ashley,,#Standstrong  https://t.co/dlIHsvDL4w,qme,[],[],['https://pbs.twimg.com/media/Fpb9Vp7X0AUgrZn.jpg'],0,1,0,['standstrong'],[],https://twitter.com/Cmdr_Sinclair/status/1627766866251743233,False,,1,https://pbs.twimg.com/media/Fpb9Vp7X0AUgrZn.jpg,,,,,,,[],,,,
1627764157008302092,1627764157008302092,2023-02-21 01:46:32 IST,2023-02-21,01:46:32,+0530,1587893107059671040,cmdr_sinclair,Paige Ashley,,#StandStrong  https://t.co/myIfxwM97S,qme,[],[],['https://pbs.twimg.com/media/Fpb63axX0AkEqe2.jpg'],0,1,0,['standstrong'],[],https://twitter.com/Cmdr_Sinclair/status/1627764157008302092,False,,1,https://pbs.twimg.com/media/Fpb63axX0AkEqe2.jpg,,,,,,,[],,,,
1627735530795401216,1627735530795401216,2023-02-20 23:52:47 IST,2023-02-20,23:52:47,+0530,2791729013,acacia1771,Acacia‚ú®,,"This is exactly what they wanted and to turn PV into an empty shell.  Now anything they put out, will carry no weight.  However, this is only a setback for the Truth will follow @JamesOKeefeIII.  This isn't over - not by a long shot.  #StandStrong #Persevere",en,"[{'screen_name': 'jamesokeefeiii', 'name': ""james o'keefe"", 'id': '16989178'}]",[],[],0,0,0,"['standstrong', 'persevere']",[],https://twitter.com/Acacia1771/status/1627735530795401216,False,https://twitter.com/disclosetv/status/1627724094291443732,0,,,,,,,,[],,,,
1627671198661320706,1627671198661320706,2023-02-20 19:37:09 IST,2023-02-20,19:37:09,+0530,110470871,krm1970,Pastor Kevin Rogers,,"If you don‚Äôt have mental strength, you‚Äôll easily get deceived.  #cityoffaithchristiancenter #strength #mentalsrength #standstrong #speaktheword #believe #strength #dontgiveup #soundmind #truth  https://t.co/BmQVGMNI4Y",en,[],[],['https://pbs.twimg.com/media/FpamVDjXoAQg-3V.jpg'],0,0,0,"['cityoffaithchristiancenter', 'strength', 'mentalsrength', 'standstrong', 'speaktheword', 'believe', 'strength', 'dontgiveup', 'soundmind', 'truth']",[],https://twitter.com/krm1970/status/1627671198661320706,False,,1,https://pbs.twimg.com/media/FpamVDjXoAQg-3V.jpg,,,,,,,[],,,,
1627608135211835393,1627608135211835393,2023-02-20 15:26:33 IST,2023-02-20,15:26:33,+0530,3107551198,donalddorman,Don,,Stand Strong Scotland.  #StandStrong  https://t.co/5WyUx8CY6x,en,[],[],['https://pbs.twimg.com/media/FpZs-KmWcAEcgRy.jpg'],0,0,1,['standstrong'],[],https://twitter.com/DonaldDorman/status/1627608135211835393,False,,1,https://pbs.twimg.com/media/FpZs-KmWcAEcgRy.jpg,,,,,,,[],,,,
1627594945572794369,1627594945572794369,2023-02-20 14:34:08 IST,2023-02-20,14:34:08,+0530,3291294066,tupraise37,EniOlorunda,,"When you stumble, stumble like a hero, so even if you fall your haters will have no reason to mock you. And remember - Never stay DOWN. #Standstrong üí™",en,[],[],[],0,0,0,['standstrong'],[],https://twitter.com/Tupraise37/status/1627594945572794369,False,,0,,,,,,,,[],,,,
1627591689140375552,1627591689140375552,2023-02-20 14:21:12 IST,2023-02-20,14:21:12,+0530,149973930,fashadeleke,Eagleeye,,"CT, there are some lying tweets this morning flying around as revs or an acknowledgment of the supremacy of Christ. Discern their sinister threads.  The goal is to sow unbelief and kill your resolve to do what's right for Nigeria.   #StandStrong #Nigeriadecide2023 #ObiDatti2023",en,[],[],[],0,0,0,"['standstrong', 'nigeriadecide2023', 'obidatti2023']",[],https://twitter.com/FashAdeleke/status/1627591689140375552,False,,0,,,,,,,,[],,,,
1627573786126983168,1627572382821933056,2023-02-20 13:10:04 IST,2023-02-20,13:10:04,+0530,3315444167,liloleashh,ash ‚Ä¢,,@torrib_ #STANDSTRONG summer ain‚Äôt too far,en,[],[],[],1,0,0,['standstrong'],[],https://twitter.com/liloleashh/status/1627573786126983168,False,,0,,,,,,,,"[{'screen_name': 'torrib_', 'name': 'tori', 'id': '1283828221453176834'}]",,,,
1627503962726227968,1627503962726227968,2023-02-20 08:32:36 IST,2023-02-20,08:32:36,+0530,811573550054277120,marklouishudson,Mark Louis Hudson,,.                  üòä                #StandUp            #Together         #StandStrong ‚òùÔ∏è#LoveOneAnother‚òùÔ∏è           #ThruJesus              #GiveAll               #Smile               üôå &amp; üôå              #MoveOn                  ü¶∂ ü¶∂,und,[],[],[],2,1,8,"['standup', 'together', 'standstrong', 'loveoneanother', 'thrujesus', 'giveall', 'smile', 'moveon']",[],https://twitter.com/MarkLouisHudson/status/1627503962726227968,False,,0,,,,,,,,[],,,,
1627491975384424449,1627491975384424449,2023-02-20 07:44:58 IST,2023-02-20,07:44:58,+0530,153215919,corynickols,Cory Nickols Ministries,,Do you ever feel like you're in one big struggle &amp; want to give up? Join Kris &amp; Cory as they share insights from God's Word on Overcoming: Standing Firm amid life's adversities. #overcomer #dontgiveup #endure #standstrong --  https://t.co/VvGKn8dGMq,en,[],['https://fb.me/e/2tBXDqdVO'],[],0,0,1,"['overcomer', 'dontgiveup', 'endure', 'standstrong']",[],https://twitter.com/CoryNickols/status/1627491975384424449,False,,0,,,,,,,,[],,,,
1627467854571528192,1627467854571528192,2023-02-20 06:09:08 IST,2023-02-20,06:09:08,+0530,1171236032198524928,cryptomotifs,üá®üá¶ Sai üî∂ Vancouver | British Columbia | Canada,,"Despite daily FUD and oppression by some paid media, @binance continues to stand strong and resilient, committed to providing the best crypto experience for its users. Stay strong and keep building, üí™@cz_binance We Stand United $BNB   #Binance #CryptoCommunity #StandStrong #bsc  https://t.co/GQ0W4twl4s",en,"[{'screen_name': 'binance', 'name': 'binance', 'id': '877807935493033984'}, {'screen_name': 'cz_binance', 'name': 'cz üî∂ binance', 'id': '902926941413453824'}]",[],['https://pbs.twimg.com/media/FpXsX9pakAAqzq8.jpg'],38,85,84,"['binance', 'cryptocommunity', 'standstrong', 'bsc']",['bnb'],https://twitter.com/cryptomotifs/status/1627467854571528192,False,,1,https://pbs.twimg.com/media/FpXsX9pakAAqzq8.jpg,,,,,,,[],,,,
1627440534884167681,1627440534884167681,2023-02-20 04:20:34 IST,2023-02-20,04:20:34,+0530,1325292003429670912,bilaalimata,Alimata Bila,,"Bully victims are between 2 to 9 times more likely to consider suicide than non-victims, according to studies by Yale University #stopBullying #speakup #beabuddynotabully #tasteyourwords #standforsomeone #youmatter #youarestrong #Standstrong #youareloved  https://t.co/bY2UmxNEFt",en,[],[],['https://pbs.twimg.com/media/FpXUin5WcAAThkh.jpg'],0,0,0,"['stopbullying', 'speakup', 'beabuddynotabully', 'tasteyourwords', 'standforsomeone', 'youmatter', 'youarestrong', 'standstrong', 'youareloved']",[],https://twitter.com/BilaAlimata/status/1627440534884167681,False,,1,https://pbs.twimg.com/media/FpXUin5WcAAThkh.jpg,,,,,,,[],,,,
1627389599017304066,1627389599017304066,2023-02-20 00:58:10 IST,2023-02-20,00:58:10,+0530,1896926354,wazobiafmkano,#ChookMouth WazobiaFMKano,,#NowOnAir #SUNDAYMEDEMEDE w/ @AiyedeBigmadam   ‚ñ∂Ô∏è#NowPlaying #StandStrong by @davido                            #ChookMouth  #SundayVibes #WeekendChilling # #WazobiaKano #CelebratingLife #CelebratingSurvival,und,"[{'screen_name': 'aiyedebigmadam', 'name': 'princess aiyede', 'id': '716033965'}, {'screen_name': 'davido', 'name': 'davido', 'id': '192947735'}]",[],[],0,0,0,"['nowonair', 'sundaymedemede', 'nowplaying', 'standstrong', 'chookmouth', 'sundayvibes', 'weekendchilling', 'wazobiakano', 'celebratinglife', 'celebratingsurvival']",[],https://twitter.com/WazobiaFMKano/status/1627389599017304066,False,,0,,,,,,,,[],,,,
1627293301714870273,1627293301714870273,2023-02-19 18:35:31 IST,2023-02-19,18:35:31,+0530,175246449,stawoww,Stacey Berardo,,They are standing for 46 hours FOR THE KIDS! THON 2023üíõ #FIGHTCHILDHOODCANCER #PENNSTATEPROUD #STANDSTRONG  https://t.co/pKMW0J5v4x,en,[],[],['https://pbs.twimg.com/media/FpVOoiYXgAANrTt.jpg'],1,0,10,"['fightchildhoodcancer', 'pennstateproud', 'standstrong']",[],https://twitter.com/stawoww/status/1627293301714870273,False,,1,https://pbs.twimg.com/media/FpVOoiYXgAANrTt.jpg,,,,,,,[],,,,
1627236011892678656,1627234004402425857,2023-02-19 14:47:52 IST,2023-02-19,14:47:52,+0530,1828008103,jedinho007,Anthony Jr,,"@Classycrystale1 @PeterObi #StandStrong Obidients, we're almost thereüí™‚úä",en,[],[],[],1,0,0,['standstrong'],[],https://twitter.com/Jedinho007/status/1627236011892678656,False,,0,,,,,,,,"[{'screen_name': 'Classycrystale1', 'name': 'DEKAüíó', 'id': '867501379081961472'}, {'screen_name': 'PeterObi', 'name': 'Peter Obi', 'id': '1050779471731707904'}]",,,,
1627113203644911616,1627113099894607872,2023-02-19 06:39:52 IST,2023-02-19,06:39:52,+0530,2223550502,joseduransports,Jose Duran,,‚Ä¶that time is superior to fans‚Äô principles and for believing that fans will be ‚Äúok‚Äù with the current status of the FO. They do not know the fans of the LA Galaxy.. they do not know Los Angeles! #StandStrong #IstandWithSG,en,[],[],[],2,8,71,"['standstrong', 'istandwithsg']",[],https://twitter.com/joseduransports/status/1627113203644911616,False,,0,,,,,,,,[],,,,
1627086402369511427,1627086402369511427,2023-02-19 04:53:22 IST,2023-02-19,04:53:22,+0530,555839544,igorpugdog,Zombie Pug & Crowley aka Lil C,,Mom received these beautiful flowers today from our friend Brawley pug! They worked in cheering her up üíúüíö  #pug #sadness #support #standstrong #loveyouMom  https://t.co/dnojhpL3WR,en,[],[],['https://pbs.twimg.com/media/FpSSdGmaMAUyBO_.jpg'],2,2,103,"['pug', 'sadness', 'support', 'standstrong', 'loveyoumom']",[],https://twitter.com/IgorPugDog/status/1627086402369511427,False,,1,https://pbs.twimg.com/media/FpSSdGmaMAUyBO_.jpg,,,,,,,[],,,,
1627078108787646471,1627078108787646471,2023-02-19 04:20:25 IST,2023-02-19,04:20:25,+0530,548409203,dianninag,Diana Gomez,,We fight not just for today. We fight for the present of our future. #standstrong #UnitedWeStand #onelove #inGodwetrust #brotherandsister  https://t.co/C5dAgZujro,en,[],[],['https://pbs.twimg.com/media/FpSK6hDaAAEoMK0.jpg'],1,0,1,"['standstrong', 'unitedwestand', 'onelove', 'ingodwetrust', 'brotherandsister']",[],https://twitter.com/DianninaG/status/1627078108787646471,False,,1,https://pbs.twimg.com/media/FpSK6hDaAAEoMK0.jpg,,,,,,,[],,,,
1627025613784588288,1627025613784588288,2023-02-19 00:51:49 IST,2023-02-19,00:51:49,+0530,3435470663,garvensunkari,DeRiseüë∑üèΩ‚Äç‚ôÇÔ∏èüá¨üá≠ü¶Ö,,"You see the money and the fame, isn‚Äôt really a stress free. Really don't know what is going on in my life. No pleasure comes from pain. No money fall like rain. This thing dey burst my brain üß†.  #StandStrong‚úäüèøüë∑üèΩ‚Äç‚ôÇÔ∏è",en,[],[],[],0,0,2,['standstrong'],[],https://twitter.com/GarvenSunkari/status/1627025613784588288,False,,0,,,,,,,,[],,,,
1627015243112255488,1627015243112255488,2023-02-19 00:10:37 IST,2023-02-19,00:10:37,+0530,1569329011825987587,dronapeople,DRONA PEOPLE,,#drona #selfmade #spreadliteracy #health #education #banking #politicalsectors #confidence #affilataion #teamsprit #india #innervoice #leader #rising #shine #respect #standstrong #youaredrona #dronapeople  https://t.co/5zBAw9sfFg,qme,[],[],['https://pbs.twimg.com/media/FpRRu3RagAAvHah.jpg'],0,0,0,"['drona', 'selfmade', 'spreadliteracy', 'health', 'education', 'banking', 'politicalsectors', 'confidence', 'affilataion', 'teamsprit', 'india', 'innervoice', 'leader', 'rising', 'shine', 'respect', 'standstrong', 'youaredrona', 'dronapeople']",[],https://twitter.com/DronaPeople/status/1627015243112255488,False,,1,https://pbs.twimg.com/media/FpRRu3RagAAvHah.jpg,,,,,,,[],,,,
1626999197106073600,1626789854469300226,2023-02-18 23:06:51 IST,2023-02-18,23:06:51,+0530,1457893897087201284,charliweb3,Charli,,"@goddeketal Hang in there Dr! I do believe you'll ultimately b rewarded - both personally &amp; professionally! Pls remember, you've already saved thousands &amp; thousands of lives w/your efforts. Far more than most Docs ever will..even w/a lifetime of practice! #StandStrong #YourAHero #1stDoNoHarm",en,[],[],[],0,1,1,"['standstrong', 'yourahero', '1stdonoharm']",[],https://twitter.com/CharliWeb3/status/1626999197106073600,False,,0,,,,,,,,"[{'screen_name': 'goddeketal', 'name': 'Dr. Simon Goddek', 'id': '1224185690713460736'}]",,,,
1626912880091078656,1626912880091078656,2023-02-18 17:23:51 IST,2023-02-18,17:23:51,+0530,84604038,allianzireland,Allianz Ireland,,A huge thank you to everyone who supported the #StandStrong movement and to the 600+ people who joined us and @Womens_Aid in Bray on the 6th Feb to take a stand against the issue of domestic abuse. Mark your calendars for 2024!  https://t.co/HWROGnCS5S  https://t.co/D8imIyRlBW,en,"[{'screen_name': 'womens_aid', 'name': ""women's aid ireland"", 'id': '44591137'}]",['http://www.standstrong.ie'],[],1,0,0,['standstrong'],[],https://twitter.com/AllianzIreland/status/1626912880091078656,False,,1,https://pbs.twimg.com/amplify_video_thumb/1626912791964659713/img/G_L--IcNiIEfGq_6.jpg,,,,,,,[],,,,
1626658489085861889,1626658489085861889,2023-02-18 00:33:00 IST,2023-02-18,00:33:00,+0530,43173060,nfrw,NFRW,,"NFRW President Eileen Sobjack  had the privilege to hear from Governor Kristi Noem on her leading in South Dakota regarding China. President Sobjack encourages us to be leaders too. Get involved, be informed &amp; move ideas into plans of actions.  #Standstrong #NFRWLeads  https://t.co/zNgeMvxUaL",en,[],[],['https://pbs.twimg.com/media/FpL-ADCakAAvdSU.jpg'],0,2,6,"['standstrong', 'nfrwleads']",[],https://twitter.com/NFRW/status/1626658489085861889,False,,1,https://pbs.twimg.com/media/FpL-ADCakAAvdSU.jpg,,,,,,,[],,,,
1626625165764227073,1626625165764227073,2023-02-17 22:20:35 IST,2023-02-17,22:20:35,+0530,940708494327603200,mr_larryspin,Call.me LM,,"Na God say make I no dey allergic to garri, eyes for don see shege üòÇ  #Standstrong #gistlover #Brymo #Buhari #CBN #Emefiele #Nigeria",en,[],[],[],0,0,0,"['standstrong', 'gistlover', 'brymo', 'buhari', 'cbn', 'emefiele', 'nigeria']",[],https://twitter.com/mr_larryspin/status/1626625165764227073,False,,0,,,,,,,,[],,,,
1626557952986316802,1626557952986316802,2023-02-17 17:53:30 IST,2023-02-17,17:53:30,+0530,1611869898644267013,popeofafrica1,pope of africa,,"Never let a day pass you by without doing something Positive, greatness doesn't come easy.its a process,slow buh steady makes it a success at the end of it all.keep moving for we are getting there. #standstrong. #dontbediscouraged.                   @popeofafrica1",en,"[{'screen_name': 'popeofafrica1', 'name': 'pope of africa', 'id': '1611869898644267013'}]",[],[],0,1,2,"['standstrong', 'dontbediscouraged']",[],https://twitter.com/popeofafrica1/status/1626557952986316802,False,,0,,,,,,,,[],,,,
1626388794936299520,1625963660370907138,2023-02-17 06:41:20 IST,2023-02-17,06:41:20,+0530,865738675488948225,adrians81012897,Marie Louise Jones,,@Keating411yaho2 @KeithOlbermann Texas carries itself so all you have to worry about is defending an invasion‚Ä¶ #StandStrong #NoFederalHandouts  https://t.co/Xy0Kc48FUE,en,[],[],['https://pbs.twimg.com/media/FpIX_O6agAEKPet.jpg'],0,0,0,"['standstrong', 'nofederalhandouts']",[],https://twitter.com/AdrianS81012897/status/1626388794936299520,False,,1,https://pbs.twimg.com/media/FpIX_O6agAEKPet.jpg,,,,,,,"[{'screen_name': 'Keating411yaho2', 'name': 'MAGA Texan', 'id': '863477388197281792'}, {'screen_name': 'KeithOlbermann', 'name': 'Keith Olbermann', 'id': '130617778'}]",,,,
1626367041736146946,1626284533401133057,2023-02-17 05:14:53 IST,2023-02-17,05:14:53,+0530,347122343,pamela_manley,pamela manley,,@MisterHBrown Call it out for what it is a 1% rise! Well said #standstrong #PayAttention,en,[],[],[],0,0,1,"['standstrong', 'payattention']",[],https://twitter.com/pamela_manley/status/1626367041736146946,False,,0,,,,,,,,"[{'screen_name': 'MisterHBrown', 'name': 'Mr. Brown is on strike', 'id': '1526863917082984449'}]",,,,
1626242712100913152,1626127407592734721,2023-02-16 21:00:51 IST,2023-02-16,21:00:51,+0530,1618409884583698433,kingharmlessgd,King harmless(Godfather),,"@Ebuka Can I motivate you all? No matter the kind shege wey u don see, someone out there has seen worst... Be strong for more shege is ahead #Standstrong",en,[],[],[],0,0,0,['standstrong'],[],https://twitter.com/KingharmlessGD/status/1626242712100913152,False,,0,,,,,,,,"[{'screen_name': 'Ebuka', 'name': 'Ebuka Obi-Uchendu', 'id': '18378475'}]",,,,
1626048076782702599,1626026406659473409,2023-02-16 08:07:26 IST,2023-02-16,08:07:26,+0530,4782497781,heliosxdg,Helios,,"@KINGMANIACHQ you're the sun shining above, and I am the moon watching your back in the stars, just because we can't be together at the same doesn't mean we aren't scorpion brothers #standstrong #staystrong #scorpionS33  https://t.co/SkeEGEAqqr",en,[],[],['https://pbs.twimg.com/media/FpDh3IYWcAAWrtV.jpg'],1,0,5,"['standstrong', 'staystrong', 'scorpions33']",[],https://twitter.com/HeliosXDG/status/1626048076782702599,False,,1,https://pbs.twimg.com/media/FpDh3IYWcAAWrtV.jpg,,,,,,,"[{'screen_name': 'KINGMANIACHQ', 'name': '„É™„Ç∂„Éº„Éâ„Ç≠„É≥„Ç∞', 'id': '4903605857'}]",,,,
1626026938723627011,1626026938723627011,2023-02-16 06:43:26 IST,2023-02-16,06:43:26,+0530,1572217473189003265,iam__jaytee,JAY Republic üê≤,,"@davido im missing you ASF...So sorry for your loss tho,i'm missing the taste of your songs in ma earsüò© #STANDSTRONG brother I MISS YOU MY GEEü•∫‚ù§Ô∏è",en,[],[],[],0,0,0,['standstrong'],[],https://twitter.com/iam__jaytee/status/1626026938723627011,False,,0,,,,,,,,[],,,,
1625977595312369664,1625977595312369664,2023-02-16 03:27:22 IST,2023-02-16,03:27:22,+0530,1702838004,douglasnord,Douglas Nord,,"@JaniceDean you are awesome.  I have been listening to ""I am the Storm"" on Audible.  Great job!   #StandStrong #iAmtheStorm",en,[],[],[],0,0,0,"['standstrong', 'iamthestorm']",[],https://twitter.com/DouglasNord/status/1625977595312369664,False,https://twitter.com/JaniceDean/status/1625846785943162887,0,,,,,,,,[],,,,
1625954109344911362,1625954109344911362,2023-02-16 01:54:03 IST,2023-02-16,01:54:03,+0530,68220764,runningwater,Running Water,,"Be a #ForceOfNature, #StandStrong, #BeBold and #TakeHeart ALL who #HOPE!  Psalm 31:24.   #YouAreWorthy! ü•∞‚ù§Ô∏èüôå  https://t.co/kP2ehtRFC2",en,[],[],"['https://pbs.twimg.com/media/FpCMpDWXEAQjrvZ.jpg', 'https://pbs.twimg.com/media/FpCMpToXEBQESYR.jpg']",0,0,0,"['forceofnature', 'standstrong', 'bebold', 'takeheart', 'hope', 'youareworthy']",[],https://twitter.com/RunningWater/status/1625954109344911362,False,,1,https://pbs.twimg.com/media/FpCMpDWXEAQjrvZ.jpg,,,,,,,[],,,,
1625905619869007872,1625615113444290560,2023-02-15 22:41:22 IST,2023-02-15,22:41:22,+0530,433813281,soggybottom22,WickedSon,,@MatthewWielicki @mmfa Boy they really are set on attacking you @MatthewWielicki you must be a real threat to the established narrative!! We greatly appreciate your dedication to science and facts! ü´° #standstrong #ClimateScam #ClimateEmergency #climatebrawl #ClimateIntegrity,en,"[{'screen_name': 'matthewwielicki', 'name': 'dr. matthew m. wielicki', 'id': '1324336290159071232'}]",[],[],0,1,2,"['standstrong', 'climatescam', 'climateemergency', 'climatebrawl', 'climateintegrity']",[],https://twitter.com/SoggyBottom22/status/1625905619869007872,False,,0,,,,,,,,"[{'screen_name': 'MatthewWielicki', 'name': 'Dr. Matthew M. Wielicki', 'id': '1324336290159071232'}, {'screen_name': 'mmfa', 'name': 'Media Matters', 'id': '13493302'}]",,,,
1625773946397138946,1424247169385648130,2023-02-15 13:58:08 IST,2023-02-15,13:58:08,+0530,512740374,babeequeensings,Nikki A.,,"@junowatetes @JusticeTierney Don‚Äôt you DO it, Beloved! üòÇ#StandStrong üíØ",en,[],[],[],0,0,0,['standstrong'],[],https://twitter.com/babeequeensings/status/1625773946397138946,False,,0,,,,,,,,"[{'screen_name': 'junowatetes', 'name': 'Not Juno', 'id': '1301666210967425025'}, {'screen_name': 'JusticeTierney', 'name': 'ùïµùñöùñòùñôùñéùñàùñä ùïµ. ‚ú®', 'id': '2536196308'}]",,,,
1625653917521674246,1622025023979507715,2023-02-15 06:01:11 IST,2023-02-15,06:01:11,+0530,2252763114,jessekathi,#KeepAmericaGreat!! #TakeBackCA!,,@JamesOKeefeIII #Standstrong,qme,[],[],[],0,0,0,['standstrong'],[],https://twitter.com/JesseKathi/status/1625653917521674246,False,,0,,,,,,,,"[{'screen_name': 'JamesOKeefeIII', 'name': ""James O'Keefe"", 'id': '16989178'}]",,,,
1625622420303527936,1625622420303527936,2023-02-15 03:56:02 IST,2023-02-15,03:56:02,+0530,1235422076082589696,bee_cate,CateBee,,"Defend Catholic Student Arrested After Opposing  https://t.co/I9w3ES5wLi @CampaignLife PLEASE SIGN THIS PETITION @officialjosh_A THANK U  JOSH, 4 STANDING 4 WHAT IS RIGHT! UR ON THE RIGHT SIDE OF HISTORY, WE ARE WITH U 100%! #StandStrong NEVER SEND UR KIDS HERE! @sjchsrenfrew",en,"[{'screen_name': 'campaignlife', 'name': 'campaign life coalition', 'id': '266048357'}, {'screen_name': 'officialjosh_a', 'name': 'josh alexander', 'id': '1593478132346114048'}, {'screen_name': 'sjchsrenfrew', 'name': ""st. joseph's catholic high school"", 'id': '116582530'}]",['https://www.campaignlifecoalition.com/petition/id/61'],[],0,1,1,['standstrong'],[],https://twitter.com/bee_cate/status/1625622420303527936,False,,0,,,,,,,,[],,,,
1625616074308722695,1625616074308722695,2023-02-15 03:30:49 IST,2023-02-15,03:30:49,+0530,317943359,firewallcenters,FirewallCenters,,We #StandStrong with the families of the beautiful souls that were taken too soon on this day five years ago. Please send love their way with us!  https://t.co/DZrHGVKDDm,en,[],[],"['https://pbs.twimg.com/media/Fo9ZNEFWYAAzEeI.jpg', 'https://pbs.twimg.com/media/Fo9ZNF9XsAEvG8O.jpg', 'https://pbs.twimg.com/media/Fo9ZNFoWIDAoKJX.jpg']",0,0,1,['standstrong'],[],https://twitter.com/FirewallCenters/status/1625616074308722695,False,,1,https://pbs.twimg.com/media/Fo9ZNEFWYAAzEeI.jpg,,,,,,,[],,,,
1625588933106225152,1625588933106225152,2023-02-15 01:42:58 IST,2023-02-15,01:42:58,+0530,337736471,lampsusa1,Lamps USA,,Treat yourself this Valentine's Day! Visit our website at  https://t.co/mI1IQzjI1H.  Happy Valentine's Day to all!  #valentinesdaygift #homelighting #officespace #officeupgrade #workspace #workspacegoals #standingdesk #fitness #standstrong  https://t.co/SYyKBfqHIa,en,[],['http://www.lampsusa.com'],[],0,0,0,"['valentinesdaygift', 'homelighting', 'officespace', 'officeupgrade', 'workspace', 'workspacegoals', 'standingdesk', 'fitness', 'standstrong']",[],https://twitter.com/lampsusa1/status/1625588933106225152,False,,1,https://pbs.twimg.com/ext_tw_video_thumb/1625588857717788673/pu/img/2AXaHhEfYjW6GCy8.jpg,,,,,,,[],,,,
1625544128179191830,1625544128179191830,2023-02-14 22:44:55 IST,2023-02-14,22:44:55,+0530,1166709416541982721,teamgolomboski,Team Golomboski,,"‚ù§Ô∏è Happy Valentine‚Äôs Day from Team Golomboski  üå∑ Standing Strong Against Parkinson's Disease since 2014, in Loving Memory of Joseph Golomboski Sr.  üíª Learn more about Team Golomboski at  https://t.co/diVQKpvqXL  #StandStrong #ParkinsonsAwareness #ValentinesDay2023  https://t.co/PatZNlCtP4",en,[],['http://www.teamgolomboski.com'],['https://pbs.twimg.com/media/Fo8XxMfXwBQET4D.jpg'],0,0,1,"['standstrong', 'parkinsonsawareness', 'valentinesday2023']",[],https://twitter.com/TeamGolomboski/status/1625544128179191830,False,,1,https://pbs.twimg.com/media/Fo8XxMfXwBQET4D.jpg,,,,,,,[],,,,
1625535935986421762,1624445115224686592,2023-02-14 22:12:22 IST,2023-02-14,22:12:22,+0530,3376638803,249_519,Keen_Speaks,,@idriselba Brilliant! Its so nice to see that there are some out there that will stand their ground. Hats off to you @idriselba #Standstrong,en,"[{'screen_name': 'idriselba', 'name': 'idris elba', 'id': '92717138'}]",[],[],0,0,0,['standstrong'],[],https://twitter.com/249_519/status/1625535935986421762,False,,0,,,,,,,,"[{'screen_name': 'idriselba', 'name': 'Idris Elba', 'id': '92717138'}]",,,,
1625495082483982336,1625495082483982336,2023-02-14 19:30:02 IST,2023-02-14,19:30:02,+0530,1449385241689444353,jibolaforeign,Jibola foreign,,Time still Dey dispatch rider fit call me anytime from now  #standstrong ü•≤ü§≤,en,[],[],[],0,0,0,['standstrong'],[],https://twitter.com/JibolaForeign/status/1625495082483982336,False,,0,,,,,,,,[],,,,
1625483873042968577,1625483873042968577,2023-02-14 18:45:30 IST,2023-02-14,18:45:30,+0530,1508477609117683714,cryptonftworld3,Cryptonftworld,,"Do you! The world is evolving, changing, evil, good, everything at the same time. You do you, control yourself and make a good impact on the world and your surrondings! #onelife #postivity #hardtimes #standstrong #PrayForTurkeyAndSyria #prayfortheworld #btc #futurepayments #ETH",en,[],[],[],0,10,53,"['onelife', 'postivity', 'hardtimes', 'standstrong', 'prayforturkeyandsyria', 'prayfortheworld', 'btc', 'futurepayments', 'eth']",[],https://twitter.com/Cryptonftworld3/status/1625483873042968577,False,,0,,,,,,,,[],,,,
1625448656370532354,1625448656370532354,2023-02-14 16:25:33 IST,2023-02-14,16:25:33,+0530,1174280322491404288,anjaneyauni,Anjaneya University,,Their sacrifice will never be forgotten. Let us come together and stand firm against terrorism in honour of the Pulwama Attack martyrs.  #anjaneyauniversity #pulwamaattack #neverforget #standstrong #wesupport #martyrs #soldier #blackdayforindia #raipurcg #university #14february  https://t.co/RP3e12EakW,en,[],[],['https://pbs.twimg.com/media/Fo7A3hQaEAEHXi8.jpg'],0,0,0,"['anjaneyauniversity', 'pulwamaattack', 'neverforget', 'standstrong', 'wesupport', 'martyrs', 'soldier', 'blackdayforindia', 'raipurcg', 'university', '14february']",[],https://twitter.com/AnjaneyaUni/status/1625448656370532354,False,,1,https://pbs.twimg.com/media/Fo7A3hQaEAEHXi8.jpg,,,,,,,[],,,,
1625236658575626240,1625236658575626240,2023-02-14 02:23:09 IST,2023-02-14,02:23:09,+0530,1459642710663602185,mr_perpetual1,AMA_king_official,,"FUD EVERYWHERE!!! This is the reason I hate the bear market, so much test and trials.  #Standstrong",en,[],[],[],0,0,1,['standstrong'],[],https://twitter.com/Mr_perpetual1/status/1625236658575626240,False,,0,,,,,,,,[],,,,
1625096497871069190,1625096497871069190,2023-02-13 17:06:12 IST,2023-02-13,17:06:12,+0530,583207775,cwathan,Chris Wathan (Today I identify as elderberry),,"I‚Äôm a world where @TheDemocrats promote physical mutilation and mental ruination of children there are people more concerned about ‚Äúmean tweets‚Äù than saving humanity. To those people, YOU ARE THE PROBLEM. @GOP #truth #StandStrong @LPNational",en,"[{'screen_name': 'thedemocrats', 'name': 'the democrats', 'id': '14377605'}, {'screen_name': 'gop', 'name': 'gop', 'id': '11134252'}, {'screen_name': 'lpnational', 'name': 'libertarian party', 'id': '31464977'}]",[],[],0,0,0,"['truth', 'standstrong']",[],https://twitter.com/cwathan/status/1625096497871069190,False,,0,,,,,,,,[],,,,
1625083548666396672,1625083548666396672,2023-02-13 16:14:45 IST,2023-02-13,16:14:45,+0530,1180511205036904448,orlaghreidpsych,Orlagh Reid,,This February I continue to #StandStrong for women to stop all forms of abuse and finish the 80km in aid of the fantastic @Womens_Aid. Donation link in bio. #stopviolence @WomensInspireIE  https://t.co/OsSOfVeNfL,en,"[{'screen_name': 'womens_aid', 'name': ""women's aid ireland"", 'id': '44591137'}, {'screen_name': 'womensinspireie', 'name': 'womens inspire network', 'id': '2494401560'}]",[],['https://pbs.twimg.com/media/Fo104A8WcAIsDbJ.jpg'],0,1,2,"['standstrong', 'stopviolence']",[],https://twitter.com/orlaghreidpsych/status/1625083548666396672,False,,1,https://pbs.twimg.com/media/Fo104A8WcAIsDbJ.jpg,,,,,,,[],,,,
1624982610249228288,1624982610249228288,2023-02-13 09:33:39 IST,2023-02-13,09:33:39,+0530,26208299,pksc76,Prashant  Chauhan,,#mondaymotivation #leadership #inspirationalwords #lifelessons #attitudeiseverything #healthcare #standstrong #karma #actionsspeaklouderthanwords #takeastand  https://t.co/Gj6thwG8KJ,qme,[],['https://lnkd.in/dZjmsedg'],[],0,0,2,"['mondaymotivation', 'leadership', 'inspirationalwords', 'lifelessons', 'attitudeiseverything', 'healthcare', 'standstrong', 'karma', 'actionsspeaklouderthanwords', 'takeastand']",[],https://twitter.com/pksc76/status/1624982610249228288,False,,0,,,,,,,,[],,,,
