,id,conversation_id,created_at,date,timezone,place,tweet,language,hashtags,cashtags,user_id,user_id_str,username,name,day,hour,link,urls,photos,video,thumbnail,retweet,nlikes,nreplies,nretweets,quote_url,search,near,geo,source,user_rt_id,user_rt,retweet_id,reply_to,retweet_date,translate,trans_src,trans_dest
0,1629874609268088833,1623143873655541761,1677427363000.0,2023-02-26 21:32:43,+0530,,@JoeBiden Hey Joe üñï,en,[],[],1424498322564206592,1424498322564206592,TrevorBalbini1,Trevor Balbini,7,21,https://twitter.com/TrevorBalbini1/status/1629874609268088833,[],[],0,,False,0,0,0,,Joe biden,,,,,,,"[{'screen_name': 'JoeBiden', 'name': 'Joe Biden', 'id': '939091'}]",,,,
1,1629874603064541186,1629638396367732736,1677427361000.0,2023-02-26 21:32:41,+0530,,@JoeBiden  https://t.co/jJwk2UFXzD,qme,[],[],1519648326056087552,1519648326056087552,Squiggy160,Squiggy101,7,21,https://twitter.com/Squiggy160/status/1629874603064541186,[],['https://pbs.twimg.com/media/Fp56T6FWIAYlo_G.jpg'],1,https://pbs.twimg.com/media/Fp56T6FWIAYlo_G.jpg,False,0,0,0,,Joe biden,,,,,,,[],,,,
2,1629874601676210182,1629638396367732736,1677427361000.0,2023-02-26 21:32:41,+0530,,@AryasGhost @BenjaBeee @RealSaltySlim @JoeBiden Because we are one nation under God. The one the only,en,[],[],1544092880205119489,1544092880205119489,branimal420,Branimal420,7,21,https://twitter.com/branimal420/status/1629874601676210182,[],[],0,,False,0,0,0,,Joe biden,,,,,,,"[{'screen_name': 'AryasGhost', 'name': 'Katerina üåä', 'id': '1136027100165627907'}, {'screen_name': 'BenjaBeee', 'name': 'BenjaBeee üá∫üá¶üè≥Ô∏è\u200düåà', 'id': '1150849309149147137'}, {'screen_name': 'RealSaltySlim', 'name': 'Bobby D.', 'id': '1184289498382905344'}, {'screen_name': 'JoeBiden', 'name': 'Joe Biden', 'id': '939091'}]",,,,
3,1629874594596151299,1629638396367732736,1677427359000.0,2023-02-26 21:32:39,+0530,,@Practice_53 @Nealsidebottom @calebparke @JoeBiden  https://t.co/ajhttOB97h,qme,[],[],1424560770201833473,1424560770201833473,ahriman61621,Harry Anderson Judge Harold T Stone,7,21,https://twitter.com/ahriman61621/status/1629874594596151299,[],['https://pbs.twimg.com/media/Fp56TjaWwAIyqU6.jpg'],1,https://pbs.twimg.com/media/Fp56TjaWwAIyqU6.jpg,False,0,0,0,,Joe biden,,,,,,,"[{'screen_name': 'Practice_53', 'name': 'Brandon ‚ö°Ô∏è', 'id': '289708355'}, {'screen_name': 'Nealsidebottom', 'name': 'Neal A. Sidebottom', 'id': '2551561368'}, {'screen_name': 'calebparke', 'name': 'Caleb Parke', 'id': '38097395'}]",,,,
4,1629874591144509440,1629297127137353728,1677427358000.0,2023-02-26 21:32:38,+0530,,@JoeBiden My home heating bill has doubled under your failed presidency.,en,[],[],1359206991583866884,1359206991583866884,TrumpLifer24,ABQBubbi,7,21,https://twitter.com/TrumpLifer24/status/1629874591144509440,[],[],0,,False,0,0,0,,Joe biden,,,,,,,"[{'screen_name': 'JoeBiden', 'name': 'Joe Biden', 'id': '939091'}]",,,,
5,1629874590490013696,1629194134883033088,1677427358000.0,2023-02-26 21:32:38,+0530,,@KariLake @b60putter @JoeBiden Mention the thousands in gun deaths every year too.... Red states as well.,en,[],[],1166086597,1166086597,JackSpanna,Jack,7,21,https://twitter.com/JackSpanna/status/1629874590490013696,[],[],0,,False,0,0,0,,Joe biden,,,,,,,"[{'screen_name': 'KariLake', 'name': 'Kari Lake', 'id': '1082197856'}, {'screen_name': 'b60putter', 'name': 'The Doctor', 'id': '70261896'}, {'screen_name': 'JoeBiden', 'name': 'Joe Biden', 'id': '939091'}]",,,,
6,1629874586878894085,1623146295299915776,1677427357000.0,2023-02-26 21:32:37,+0530,,@JoeBiden Hey Joe üñï,en,[],[],1424498322564206592,1424498322564206592,TrevorBalbini1,Trevor Balbini,7,21,https://twitter.com/TrevorBalbini1/status/1629874586878894085,[],[],0,,False,0,0,0,,Joe biden,,,,,,,"[{'screen_name': 'JoeBiden', 'name': 'Joe Biden', 'id': '939091'}]",,,,
7,1629874580482560001,1629638396367732736,1677427356000.0,2023-02-26 21:32:36,+0530,,@AllenNull2 @SourceLies @Practice_53 @calebparke @JoeBiden Notice you leave out the column that says 37 million people didn‚Äôt answer the question about being registered  https://t.co/Bw7uXbfxrm,en,[],[],1381961746445959172,1381961746445959172,BradRanker,Brad Ranker,7,21,https://twitter.com/BradRanker/status/1629874580482560001,[],['https://pbs.twimg.com/media/Fp56SgYaEAEdVLZ.jpg'],1,https://pbs.twimg.com/media/Fp56SgYaEAEdVLZ.jpg,False,0,0,0,,Joe biden,,,,,,,"[{'screen_name': 'AllenNull2', 'name': 'Allen Null', 'id': '1515863885189890064'}, {'screen_name': 'SourceLies', 'name': 'KINGAnon', 'id': '1379082146074202112'}, {'screen_name': 'Practice_53', 'name': 'Brandon ‚ö°Ô∏è', 'id': '289708355'}, {'screen_name': 'calebparke', 'name': 'Caleb Parke', 'id': '38097395'}, {'screen_name': 'JoeBiden', 'name': 'Joe Biden', 'id': '939091'}]",,,,
8,1629874573356269573,1629646937120030720,1677427354000.0,2023-02-26 21:32:34,+0530,,@Misty__Bella @simonateba @JoeBiden Wouldn‚Äôt want to take a black light into that green room.,en,[],[],1145481976754966530,1145481976754966530,WJGESQ1,WJGGMTII,7,21,https://twitter.com/WJGESQ1/status/1629874573356269573,[],[],0,,False,0,0,0,,Joe biden,,,,,,,"[{'screen_name': 'Misty__Bella', 'name': 'Misty Bella', 'id': '1147276890'}, {'screen_name': 'simonateba', 'name': 'Simon Ateba', 'id': '130003441'}, {'screen_name': 'JoeBiden', 'name': 'Joe Biden', 'id': '939091'}]",,,,
9,1629874572295020555,1629849774491852801,1677427354000.0,2023-02-26 21:32:34,+0530,,@realstewpeters Joe Biden should stay there,en,[],[],1597912807541981184,1597912807541981184,TerrySn23539323,Terry Snow,7,21,https://twitter.com/TerrySn23539323/status/1629874572295020555,[],[],0,,False,0,0,0,,Joe biden,,,,,,,"[{'screen_name': 'realstewpeters', 'name': 'Stew Peters', 'id': '1288319695658135552'}]",,,,
10,1629874568465723393,1629638396367732736,1677427353000.0,2023-02-26 21:32:33,+0530,,@JoeBiden My tax dollars must not be used for this,en,[],[],1604882713634291713,1604882713634291713,forgottenman222,forgottenman2022,7,21,https://twitter.com/forgottenman222/status/1629874568465723393,[],[],0,,False,0,0,0,,Joe biden,,,,,,,"[{'screen_name': 'JoeBiden', 'name': 'Joe Biden', 'id': '939091'}]",,,,
11,1629874566595239937,1623146934218129409,1677427352000.0,2023-02-26 21:32:32,+0530,,@JoeBiden Hey Joe üñï,en,[],[],1424498322564206592,1424498322564206592,TrevorBalbini1,Trevor Balbini,7,21,https://twitter.com/TrevorBalbini1/status/1629874566595239937,[],[],0,,False,0,0,0,,Joe biden,,,,,,,"[{'screen_name': 'JoeBiden', 'name': 'Joe Biden', 'id': '939091'}]",,,,
12,1629874564997206017,1629638396367732736,1677427352000.0,2023-02-26 21:32:32,+0530,,@JoeBiden well they are only human and have tyrannized and terrorized this country and many more PLEASE LORD ACT ON THESES POLITICIANS SOON!,en,[],[],2988846389,2988846389,eshinesalways,#AlwaysE,7,21,https://twitter.com/eshinesalways/status/1629874564997206017,[],[],0,,False,0,0,0,,Joe biden,,,,,,,"[{'screen_name': 'JoeBiden', 'name': 'Joe Biden', 'id': '939091'}]",,,,
13,1629874562727829505,1629638396367732736,1677427352000.0,2023-02-26 21:32:32,+0530,,@JoeBiden Cuz you are not a Christian.,en,[],[],3253795706,3253795706,CathleenCumpton,Cathleen Cumpton,7,21,https://twitter.com/CathleenCumpton/status/1629874562727829505,[],[],0,,False,0,0,0,,Joe biden,,,,,,,"[{'screen_name': 'JoeBiden', 'name': 'Joe Biden', 'id': '939091'}]",,,,
14,1629874560056299520,1629541830172762112,1677427351000.0,2023-02-26 21:32:31,+0530,,@POTUS Fuck you joe Biden you‚Äôre a scab on this country.,en,[],[],983831211582808070,983831211582808070,Livingfleshman,Sinbomb,7,21,https://twitter.com/Livingfleshman/status/1629874560056299520,[],[],0,,False,0,0,0,,Joe biden,,,,,,,"[{'screen_name': 'POTUS', 'name': 'President Biden', 'id': '1349149096909668363'}]",,,,
15,1629874552850227204,1629638396367732736,1677427349000.0,2023-02-26 21:32:29,+0530,,"@AliceBreen2 @JoeBiden @BitterbatC Here‚Äôs a start. There sure was a lot they could‚Äôve done a few months ago as they expected to lose Congress but demanded we vote harder.  The main point, however, is why‚Äîexactly‚Äîhe‚Äôs telling you he‚Äôll veto legislation that has 0% chance of landing on his desk this term.",en,[],[],888147066123374593,888147066123374593,CivilizedDebate,"Elizabeth Bennett, JD",7,21,https://twitter.com/CivilizedDebate/status/1629874552850227204,[],[],0,,False,0,0,0,https://twitter.com/elienyc/status/1523753350415613953,Joe biden,,,,,,,"[{'screen_name': 'AliceBreen2', 'name': 'IntegrityMatters', 'id': '1107681972460109824'}, {'screen_name': 'JoeBiden', 'name': 'Joe Biden', 'id': '939091'}, {'screen_name': 'BitterbatC', 'name': 'Ulla the Barbarian', 'id': '1012277550901530629'}]",,,,
16,1629874551382310914,1629638396367732736,1677427349000.0,2023-02-26 21:32:29,+0530,,@JoeBiden Abortion is racist,en,[],[],965400102,965400102,chefcharliem,Turd Ferguson,7,21,https://twitter.com/chefcharliem/status/1629874551382310914,[],[],0,,False,0,0,0,,Joe biden,,,,,,,"[{'screen_name': 'JoeBiden', 'name': 'Joe Biden', 'id': '939091'}]",,,,
17,1629874548119142401,1629638396367732736,1677427348000.0,2023-02-26 21:32:28,+0530,,@JoeBiden  https://t.co/TYJknuVit1,qme,[],[],1519648326056087552,1519648326056087552,Squiggy160,Squiggy101,7,21,https://twitter.com/Squiggy160/status/1629874548119142401,[],['https://pbs.twimg.com/media/Fp56Q5vWYAQyXE3.jpg'],1,https://pbs.twimg.com/media/Fp56Q5vWYAQyXE3.jpg,False,0,0,0,,Joe biden,,,,,,,[],,,,
18,1629874547712303104,1629638396367732736,1677427348000.0,2023-02-26 21:32:28,+0530,,@betochavezmo @PyardF @_TimSwain_ @JoeBiden Correction on my first response when I wrote ‚Äúdependent‚Äù. I meant ‚Äúindependent‚Äù,en,[],[],1585617666403930113,1585617666403930113,sweetansassy74,Rebecca Spencer,7,21,https://twitter.com/sweetansassy74/status/1629874547712303104,[],[],0,,False,0,0,0,,Joe biden,,,,,,,"[{'screen_name': 'betochavezmo', 'name': 'Francisco Morales', 'id': '1568337121672417280'}, {'screen_name': 'PyardF', 'name': 'Pyard Fardish', 'id': '1382788552065372164'}, {'screen_name': '_TimSwain_', 'name': 'Tim Swain', 'id': '1356282424313999361'}, {'screen_name': 'JoeBiden', 'name': 'Joe Biden', 'id': '939091'}]",,,,
19,1629874544998506496,1629638396367732736,1677427347000.0,2023-02-26 21:32:27,+0530,,@Nealsidebottom @Practice_53 @calebparke @JoeBiden  https://t.co/Tz4vfa9kL6,qme,[],[],1424560770201833473,1424560770201833473,ahriman61621,Harry Anderson Judge Harold T Stone,7,21,https://twitter.com/ahriman61621/status/1629874544998506496,[],['https://pbs.twimg.com/media/Fp56QpAWwAEoGBX.jpg'],1,https://pbs.twimg.com/media/Fp56QpAWwAEoGBX.jpg,False,0,0,0,,Joe biden,,,,,,,"[{'screen_name': 'Nealsidebottom', 'name': 'Neal A. Sidebottom', 'id': '2551561368'}, {'screen_name': 'Practice_53', 'name': 'Brandon ‚ö°Ô∏è', 'id': '289708355'}, {'screen_name': 'calebparke', 'name': 'Caleb Parke', 'id': '38097395'}]",,,,
20,1629874543102926859,1623149737263128576,1677427347000.0,2023-02-26 21:32:27,+0530,,@JoeBiden Hey Joe üñï,en,[],[],1424498322564206592,1424498322564206592,TrevorBalbini1,Trevor Balbini,7,21,https://twitter.com/TrevorBalbini1/status/1629874543102926859,[],[],0,,False,0,0,0,,Joe biden,,,,,,,"[{'screen_name': 'JoeBiden', 'name': 'Joe Biden', 'id': '939091'}]",,,,
21,1629874540946898951,1629638396367732736,1677427346000.0,2023-02-26 21:32:26,+0530,,@JoeBiden And FJB üñïüèø  https://t.co/S8PCdIaPxO,pt,[],[],791291712022847488,791291712022847488,gwg714,Gary G,7,21,https://twitter.com/gwg714/status/1629874540946898951,[],['https://pbs.twimg.com/media/Fp56QX8XoAcTQ_X.jpg'],1,https://pbs.twimg.com/media/Fp56QX8XoAcTQ_X.jpg,False,0,0,0,,Joe biden,,,,,,,"[{'screen_name': 'JoeBiden', 'name': 'Joe Biden', 'id': '939091'}]",,,,
22,1629874533007257600,1629638396367732736,1677427344000.0,2023-02-26 21:32:24,+0530,,@TommyPigott @JoeBiden Why are you so intent on lying?,en,[],[],14171375,14171375,chicknmilkk,chicknmilk,7,21,https://twitter.com/chicknmilkk/status/1629874533007257600,[],[],0,,False,0,0,0,,Joe biden,,,,,,,"[{'screen_name': 'TommyPigott', 'name': 'Tommy Pigott', 'id': '902178672626593793'}, {'screen_name': 'JoeBiden', 'name': 'Joe Biden', 'id': '939091'}]",,,,
23,1629874531148918785,1629761374548119552,1677427344000.0,2023-02-26 21:32:24,+0530,,@Markus_Krall Es weiss doch sowieso mittlerweile jeder was alle geahnt haben wer dahinter steckt und vor allem wer davon wusste. Wer es letztendlich ausgef√ºhrt hat d√ºrfte auch bald jeder wissen. Man erinnere sich nur daran wie Olaf l√§chelte neben Joe Biden bei der PK im weissen Haus,de,[],[],797880165175066625,797880165175066625,lordbetze,thomas stegmaier,7,21,https://twitter.com/lordbetze/status/1629874531148918785,[],[],0,,False,0,0,0,,Joe biden,,,,,,,"[{'screen_name': 'Markus_Krall', 'name': 'Dr. Markus Krall', 'id': '851496036472324098'}]",,,,
24,1629874530154950656,1629539723709661184,1677427344000.0,2023-02-26 21:32:24,+0530,,@tedcruz Joe Biden doesn't order to shoot down a spy balloon immediately 'cause of safety concerns due to falling debris. Complain. Biden orders to shoot down more UFOs quickly. Complain. Ted Cruz in a nutshell!,en,[],[],1079900297420591104,1079900297420591104,SlayerloverG,Slayerlover_Gaming,7,21,https://twitter.com/SlayerloverG/status/1629874530154950656,[],[],0,,False,0,0,0,,Joe biden,,,,,,,"[{'screen_name': 'tedcruz', 'name': 'Ted Cruz', 'id': '23022687'}]",,,,
25,1629874522324369410,1623150556989558786,1677427342000.0,2023-02-26 21:32:22,+0530,,@JoeBiden Hey Joe üñï,en,[],[],1424498322564206592,1424498322564206592,TrevorBalbini1,Trevor Balbini,7,21,https://twitter.com/TrevorBalbini1/status/1629874522324369410,[],[],0,,False,0,0,0,,Joe biden,,,,,,,"[{'screen_name': 'JoeBiden', 'name': 'Joe Biden', 'id': '939091'}]",,,,
26,1629874522114408449,1629638396367732736,1677427342000.0,2023-02-26 21:32:22,+0530,,@JoeBiden Veto all those taxes you take out of my paycheck,en,[],[],1586154608879173632,1586154608879173632,TwiztedHeart187,Phillip Laws,7,21,https://twitter.com/TwiztedHeart187/status/1629874522114408449,[],[],0,,False,0,0,0,,Joe biden,,,,,,,"[{'screen_name': 'JoeBiden', 'name': 'Joe Biden', 'id': '939091'}]",,,,
27,1629874518281052160,1629638396367732736,1677427341000.0,2023-02-26 21:32:21,+0530,,@gramoftranskid @Daytobehappy @JoeBiden Baby killing isn't in the constitution!,en,[],[],1513615558121455616,1513615558121455616,socalchik11,üá∫üá∏SO-CALchik11,7,21,https://twitter.com/socalchik11/status/1629874518281052160,[],[],0,,False,0,0,0,,Joe biden,,,,,,,"[{'screen_name': 'gramoftranskid', 'name': 'Kathy McCurdy', 'id': '314741491'}, {'screen_name': 'Daytobehappy', 'name': 'Ultra MAGA Joyce Day', 'id': '1029096279685648385'}, {'screen_name': 'JoeBiden', 'name': 'Joe Biden', 'id': '939091'}]",,,,
28,1629874512891203584,1629638396367732736,1677427340000.0,2023-02-26 21:32:20,+0530,,@JoeBiden Because YOU LOVE BABY SACRIFICES. And No Joe they aren't going to pass a nation wide band and you know it..Stop trying to divide the people thinking we fight with each other we ignore your Crimes. U Sold us out. DON'T LET THEM DIVIDE US...It's on purpose..Don't fall for it,en,[],[],840953023182585856,840953023182585856,SandraJH13,Sandy,7,21,https://twitter.com/SandraJH13/status/1629874512891203584,[],[],0,,False,0,0,0,,Joe biden,,,,,,,"[{'screen_name': 'JoeBiden', 'name': 'Joe Biden', 'id': '939091'}]",,,,
29,1629874506423566337,1629638396367732736,1677427338000.0,2023-02-26 21:32:18,+0530,,@JoeBiden 81 millions votes kids...,en,[],[],1436749632667897860,1436749632667897860,PrahgressTTV,PrahgressTTV,7,21,https://twitter.com/PrahgressTTV/status/1629874506423566337,[],[],0,,False,0,0,0,,Joe biden,,,,,,,"[{'screen_name': 'JoeBiden', 'name': 'Joe Biden', 'id': '939091'}]",,,,
30,1629874503030386689,1629638396367732736,1677427337000.0,2023-02-26 21:32:17,+0530,,@JoeBiden He will father them all is more accurate.,en,[],[],1594569250101936129,1594569250101936129,Jovene10530447,@nojoe,7,21,https://twitter.com/Jovene10530447/status/1629874503030386689,[],[],0,,False,0,0,0,,Joe biden,,,,,,,"[{'screen_name': 'JoeBiden', 'name': 'Joe Biden', 'id': '939091'}]",,,,
31,1629874502132695040,1629539723709661184,1677427337000.0,2023-02-26 21:32:17,+0530,,@tedcruz Just admit that you‚Äôd complain about literally anything Joe Biden does.,en,[],[],1454918375994494980,1454918375994494980,CarsonS96329859,Carson Smith,7,21,https://twitter.com/CarsonS96329859/status/1629874502132695040,[],[],0,,False,0,0,0,,Joe biden,,,,,,,"[{'screen_name': 'tedcruz', 'name': 'Ted Cruz', 'id': '23022687'}]",,,,
32,1629874501801443329,1629638396367732736,1677427337000.0,2023-02-26 21:32:17,+0530,,@JoeBiden Murderer is the meaning of this statement,en,[],[],1597713356676370432,1597713356676370432,Becky5816,Becky58,7,21,https://twitter.com/Becky5816/status/1629874501801443329,[],[],0,,False,0,0,0,,Joe biden,,,,,,,"[{'screen_name': 'JoeBiden', 'name': 'Joe Biden', 'id': '939091'}]",,,,
33,1629874501402886146,1629638396367732736,1677427337000.0,2023-02-26 21:32:17,+0530,,@Practice_53 @calebparke @JoeBiden  https://t.co/vSdl5VUSo6,qme,[],[],1424560770201833473,1424560770201833473,ahriman61621,Harry Anderson Judge Harold T Stone,7,21,https://twitter.com/ahriman61621/status/1629874501402886146,[],['https://pbs.twimg.com/media/Fp56OJFWIAEqE03.jpg'],1,https://pbs.twimg.com/media/Fp56OJFWIAEqE03.jpg,False,0,0,0,,Joe biden,,,,,,,"[{'screen_name': 'Practice_53', 'name': 'Brandon ‚ö°Ô∏è', 'id': '289708355'}, {'screen_name': 'calebparke', 'name': 'Caleb Parke', 'id': '38097395'}]",,,,
34,1629874486815105024,1629859413833003014,1677427333000.0,2023-02-26 21:32:13,+0530,,@RepMTG You can thank Obama and Joe Biden,en,[],[],1606697338088706049,1606697338088706049,travis_mah,TravisMah,7,21,https://twitter.com/travis_mah/status/1629874486815105024,[],[],0,,False,0,0,0,,Joe biden,,,,,,,"[{'screen_name': 'RepMTG', 'name': 'Rep. Marjorie Taylor Greeneüá∫üá∏', 'id': '1344356576786866176'}]",,,,
35,1629874481995841541,1629638396367732736,1677427332000.0,2023-02-26 21:32:12,+0530,,@JoeBiden Just leave women alone and allow them to have the choice whatever that may be. This has become absolutely rediclous.,en,[],[],722791316690726913,722791316690726913,stb3223,Hismjtime23,7,21,https://twitter.com/stb3223/status/1629874481995841541,[],[],0,,False,0,0,0,,Joe biden,,,,,,,"[{'screen_name': 'JoeBiden', 'name': 'Joe Biden', 'id': '939091'}]",,,,
36,1629874480691707905,1623152278587711489,1677427332000.0,2023-02-26 21:32:12,+0530,,@JoeBiden Hey Joe üñï,en,[],[],1424498322564206592,1424498322564206592,TrevorBalbini1,Trevor Balbini,7,21,https://twitter.com/TrevorBalbini1/status/1629874480691707905,[],[],0,,False,0,0,0,,Joe biden,,,,,,,"[{'screen_name': 'JoeBiden', 'name': 'Joe Biden', 'id': '939091'}]",,,,
37,1629874474441998342,1629874474441998342,1677427330000.0,2023-02-26 21:32:10,+0530,,Respect... Something #JoeBiden will never have  https://t.co/OGjph62gGy,en,['joebiden'],[],1533906644136087552,1533906644136087552,angel_turkoglu,Mrs. T.- MAGA WOMAN,7,21,https://twitter.com/angel_turkoglu/status/1629874474441998342,[],"['https://pbs.twimg.com/media/Fp56MS5WcAEIHEF.jpg', 'https://pbs.twimg.com/media/Fp56MauWcAYY261.jpg', 'https://pbs.twimg.com/media/Fp56MjNWwAI44jS.jpg', 'https://pbs.twimg.com/media/Fp56MpXXwAA1CVO.jpg']",1,https://pbs.twimg.com/media/Fp56MS5WcAEIHEF.jpg,False,0,0,0,,Joe biden,,,,,,,[],,,,
38,1629874473493987328,1629874473493987328,1677427330000.0,2023-02-26 21:32:10,+0530,,@JoeBiden @POTUS @PressSec @RepSwalwell @SenSchumer @SpeakerPelosi,qam,[],[],1308853542,1308853542,06fordboy,Glenn Petsin,7,21,https://twitter.com/06fordboy/status/1629874473493987328,[],[],0,,False,0,0,0,https://twitter.com/repmtg/status/1629672498785660930,Joe biden,,,,,,,[],,,,
39,1629874472231600132,1629431463971004416,1677427330000.0,2023-02-26 21:32:10,+0530,,"@Sepideh52191550 I hear these from MSM‚Ä¶. Do you really think for 1 second that Iran is capable (technically and logistically) to make advanced weapons and sell its surplus to Russia?  Joe Biden and the West could stop the war in day 1, they can stop it today but they don‚Äôt.",en,[],[],1587255723938889728,1587255723938889728,KPartowei,üëë Kuros Partowei,7,21,https://twitter.com/KPartowei/status/1629874472231600132,[],[],0,,False,0,0,0,,Joe biden,,,,,,,"[{'screen_name': 'Sepideh52191550', 'name': 'Sepidar', 'id': '1186805594285576193'}]",,,,
40,1629874465336184837,1629874465336184837,1677427328000.0,2023-02-26 21:32:08,+0530,,I wish you stand by your ideals. Say no to a corrupt representative of Hitler or Mussolini. Khamenei and Putin are repeating history.Thank you #WalkoutIRI   @JoeBiden @POTUS @WHCOS @VP @FLOTUS @SpeakerPelosi @RishiSunak @Bundeskanzler @EmmanuelMacrn @alexanderdecroo @vonderleyen,en,['walkoutiri'],[],823679105208094720,823679105208094720,M59462682,M,7,21,https://twitter.com/M59462682/status/1629874465336184837,[],[],0,,False,0,1,0,https://twitter.com/Omid_M/status/1629504544215298051,Joe biden,,,,,,,[],,,,
41,1629874448990871557,1629638396367732736,1677427324000.0,2023-02-26 21:32:04,+0530,,@TommyPigott @JoeBiden Killing kids is extremism. Let em live or close the leggs,en,[],[],1708262784,1708262784,transamws62000,Ramon Ruvalcaba,7,21,https://twitter.com/transamws62000/status/1629874448990871557,[],[],0,,False,0,0,0,,Joe biden,,,,,,,"[{'screen_name': 'TommyPigott', 'name': 'Tommy Pigott', 'id': '902178672626593793'}, {'screen_name': 'JoeBiden', 'name': 'Joe Biden', 'id': '939091'}]",,,,
42,1629874445929050114,1629874442850516994,1677427324000.0,2023-02-26 21:32:04,+0530,,World stage and didnt appear to care one iota for those that may have voted for him! Ukraine was much more important then America wasnt it Joe Biden? So you spinmeisters lie all you want and spin the truth where it once again is unrecognizable while America gets poorer by,en,[],[],3428452973,3428452973,HostiloEd,Ed Hostilo,7,21,https://twitter.com/HostiloEd/status/1629874445929050114,[],[],0,,False,0,1,0,,Joe biden,,,,,,,[],,,,
43,1629874441856380929,1629874441856380929,1677427323000.0,2023-02-26 21:32:03,+0530,,"This is how APC is managing to get their votes, by intimidation and forcefulness. Just to let the world know that APC never go new winning presidential elections ahead of time @BBCNews @BBCWorld @cnni @CNN @ARISEtv @9jainfo @channelstv @MBuhari @PeterObi @atiku @JoeBiden  https://t.co/tdeycvb16w",en,[],[],3343007777,3343007777,nosa_okor,Prominos,7,21,https://twitter.com/nosa_okor/status/1629874441856380929,[],[],1,https://pbs.twimg.com/ext_tw_video_thumb/1629874390639820801/pu/img/6_GnGKrN6fL5azCI.jpg,False,1,0,0,,Joe biden,,,,,,,[],,,,
44,1629874440338276354,1629638396367732736,1677427322000.0,2023-02-26 21:32:02,+0530,,@JoeBiden Read your Bible sir.,en,[],[],1591789678528978944,1591789678528978944,toddspokane,Todd Hogue,7,21,https://twitter.com/toddspokane/status/1629874440338276354,[],[],0,,False,0,0,0,,Joe biden,,,,,,,"[{'screen_name': 'JoeBiden', 'name': 'Joe Biden', 'id': '939091'}]",,,,
45,1629874436936540162,1629868366067318784,1677427322000.0,2023-02-26 21:32:02,+0530,,@ConservBrief That's not Joe Biden.  https://t.co/yN3avmwi1r,en,[],[],1511084417795637258,1511084417795637258,AnthonySanto18,Anthony Santo,7,21,https://twitter.com/AnthonySanto18/status/1629874436936540162,[],['https://pbs.twimg.com/media/Fp56JOuWcAAV7U1.jpg'],1,https://pbs.twimg.com/media/Fp56JOuWcAAV7U1.jpg,False,0,0,0,,Joe biden,,,,,,,"[{'screen_name': 'ConservBrief', 'name': 'Conservative Brief', 'id': '1519661185335009280'}]",,,,
46,1629874436022185985,1629874436022185985,1677427321000.0,2023-02-26 21:32:01,+0530,,The Mayor is absolutely right! @JoeBiden doesn't care about East Palestine!,en,[],[],1508012754,1508012754,WayneDMacDonal1,Wayne D. MacDonald,7,21,https://twitter.com/WayneDMacDonal1/status/1629874436022185985,[],[],0,,False,0,0,0,https://twitter.com/RNCResearch/status/1629484444032831488,Joe biden,,,,,,,[],,,,
47,1629874435917324290,1629638396367732736,1677427321000.0,2023-02-26 21:32:01,+0530,,@Practice_53 @jonathankdavis1 @GarfieldSplurge @calebparke @JoeBiden  https://t.co/cZf3nHSHQw,qme,[],[],1145761053688680449,1145761053688680449,Faulk4Trent,TrentF,7,21,https://twitter.com/Faulk4Trent/status/1629874435917324290,[],['https://pbs.twimg.com/tweet_video_thumb/Fp56KEpWYAUFzSh.jpg'],1,https://pbs.twimg.com/tweet_video_thumb/Fp56KEpWYAUFzSh.jpg,False,0,0,0,,Joe biden,,,,,,,"[{'screen_name': 'Practice_53', 'name': 'Brandon ‚ö°Ô∏è', 'id': '289708355'}, {'screen_name': 'jonathankdavis1', 'name': 'Jon Davis', 'id': '392562986'}, {'screen_name': 'GarfieldSplurge', 'name': 'Harry Robinson/Josh Ferme Superfan', 'id': '1494836428848644100'}, {'screen_name': 'calebparke', 'name': 'Caleb Parke', 'id': '38097395'}]",,,,
48,1629874431580307457,1629638396367732736,1677427320000.0,2023-02-26 21:32:00,+0530,,@JoeBiden You‚Äôre an embarrassment and disgrace,en,[],[],1595493751211843584,1595493751211843584,Anna_Jay88,Anna Jay,7,21,https://twitter.com/Anna_Jay88/status/1629874431580307457,[],[],0,,False,0,0,0,,Joe biden,,,,,,,"[{'screen_name': 'JoeBiden', 'name': 'Joe Biden', 'id': '939091'}]",,,,
49,1629874430506864647,1629874430506864647,1677427320000.0,2023-02-26 21:32:00,+0530,,"Hey, approximately 14 Million to lose Medicaid this year, thanks Joe Biden, let‚Äôs see who you blame for this piece of work.",en,[],[],1597316752584896512,1597316752584896512,VillinesArthur,Arthur Villines,7,21,https://twitter.com/VillinesArthur/status/1629874430506864647,[],[],0,,False,0,0,0,,Joe biden,,,,,,,[],,,,
50,1629874429755809794,1629638396367732736,1677427320000.0,2023-02-26 21:32:00,+0530,,"@JoeBiden ""Congress doesn't want to kill babies, I do"". There, fixed it....",en,[],[],1534526639605940227,1534526639605940227,Maad_Daad,Hudson Hubbard,7,21,https://twitter.com/Maad_Daad/status/1629874429755809794,[],[],0,,False,0,0,0,,Joe biden,,,,,,,"[{'screen_name': 'JoeBiden', 'name': 'Joe Biden', 'id': '939091'}]",,,,
51,1629874426052214785,1629874426052214785,1677427319000.0,2023-02-26 21:31:59,+0530,,US president Joe Biden has said the prospect of #China negotiating peace between #Ukraine and #Russia is ‚Äújust not rational‚Äù,en,"['china', 'ukraine', 'russia']",[],3309688486,3309688486,RoINTEL,RoINTEL,7,21,https://twitter.com/RoINTEL/status/1629874426052214785,[],[],0,,False,0,0,0,,Joe biden,,,,,,,[],,,,
52,1629874423581777921,1629638396367732736,1677427318000.0,2023-02-26 21:31:58,+0530,,@samisaposer @Connie28084492 @PyardF @betochavezmo @_TimSwain_ @JoeBiden I‚Äôll put it in simple words for you since you literally slow. You cannot kill something that is not living (again according to your logic the baby is not living until it has a pulse or wtv tf you said),en,[],[],1338899021134491648,1338899021134491648,oblockicon,oblock icon,7,21,https://twitter.com/oblockicon/status/1629874423581777921,[],[],0,,False,0,0,0,,Joe biden,,,,,,,"[{'screen_name': 'samisaposer', 'name': 'samantha ü¶ãü§ç', 'id': '725597459938828288'}, {'screen_name': 'Connie28084492', 'name': 'Connie', 'id': '1595148218505084934'}, {'screen_name': 'PyardF', 'name': 'Pyard Fardish', 'id': '1382788552065372164'}, {'screen_name': 'betochavezmo', 'name': 'Francisco Morales', 'id': '1568337121672417280'}, {'screen_name': '_TimSwain_', 'name': 'Tim Swain', 'id': '1356282424313999361'}, {'screen_name': 'JoeBiden', 'name': 'Joe Biden', 'id': '939091'}]",,,,
53,1629874422936121344,1623156251956838400,1677427318000.0,2023-02-26 21:31:58,+0530,,@JoeBiden Hey Joe üñï,en,[],[],1424498322564206592,1424498322564206592,TrevorBalbini1,Trevor Balbini,7,21,https://twitter.com/TrevorBalbini1/status/1629874422936121344,[],[],0,,False,0,0,0,,Joe biden,,,,,,,"[{'screen_name': 'JoeBiden', 'name': 'Joe Biden', 'id': '939091'}]",,,,
54,1629874416422211585,1629638396367732736,1677427317000.0,2023-02-26 21:31:57,+0530,,@JoeBiden So youre saying that theres a chance the democrat controled senate passes an abortion bill?  Or are you just gaslighting the country with your made up bs again?,en,[],[],1610754408777662464,1610754408777662464,phishin4fish,phishin4fish,7,21,https://twitter.com/phishin4fish/status/1629874416422211585,[],[],0,,False,0,0,0,,Joe biden,,,,,,,"[{'screen_name': 'JoeBiden', 'name': 'Joe Biden', 'id': '939091'}]",,,,
55,1629874390702899200,1629578813494444033,1677427311000.0,2023-02-26 21:31:51,+0530,,@snicklink Hier redet Joe Biden √ºber Transgenders:  https://t.co/vJevOaV8QZ,de,[],[],18076236,18076236,gun3ro,Deniz G.,7,21,https://twitter.com/gun3ro/status/1629874390702899200,[],[],1,https://pbs.twimg.com/ext_tw_video_thumb/1629874318426664962/pu/img/ChBp7De2X6BXR7LQ.jpg,False,0,0,0,,Joe biden,,,,,,,"[{'screen_name': 'snicklink', 'name': 'Snicklink', 'id': '4235811976'}]",,,,
56,1629874388429418498,1629874388429418498,1677427310000.0,2023-02-26 21:31:50,+0530,,#Pedophilia #Pedophilie #Pedocriminalit√© #Biden #JoeBidenshoweredwithhisDaughter #JoeBiden #USA  https://t.co/oEhtSdE7WP,qme,"['pedophilia', 'pedophilie', 'pedocriminalit√©', 'biden', 'joebidenshoweredwithhisdaughter', 'joebiden', 'usa']",[],826479070162608128,826479070162608128,ptitprince75,#StopVax üá´üá∑ üá∑üá∫ üç∑üçæüçáü•ïü•ïü•ï#MacronDestitution,7,21,https://twitter.com/ptitprince75/status/1629874388429418498,['https://t.me/MarcelD442/4978'],[],0,,False,1,0,1,,Joe biden,,,,,,,[],,,,
57,1629874383450767370,1629638396367732736,1677427309000.0,2023-02-26 21:31:49,+0530,,@JoeBiden Yes!!  Women must have the right to decide. Nobody else must decide about this.,en,[],[],16260040,16260040,MaggySa,MaggySa,7,21,https://twitter.com/MaggySa/status/1629874383450767370,[],[],0,,False,0,0,0,,Joe biden,,,,,,,"[{'screen_name': 'JoeBiden', 'name': 'Joe Biden', 'id': '939091'}]",,,,
58,1629874378568777728,1623157185868972036,1677427308000.0,2023-02-26 21:31:48,+0530,,@JoeBiden Hey Joe üñï,en,[],[],1424498322564206592,1424498322564206592,TrevorBalbini1,Trevor Balbini,7,21,https://twitter.com/TrevorBalbini1/status/1629874378568777728,[],[],0,,False,0,0,0,,Joe biden,,,,,,,"[{'screen_name': 'JoeBiden', 'name': 'Joe Biden', 'id': '939091'}]",,,,
59,1629874368464699393,1629638396367732736,1677427305000.0,2023-02-26 21:31:45,+0530,,@JoeBiden Thanks Moloch,en,[],[],1513615558121455616,1513615558121455616,socalchik11,üá∫üá∏SO-CALchik11,7,21,https://twitter.com/socalchik11/status/1629874368464699393,[],[],0,,False,0,0,0,,Joe biden,,,,,,,"[{'screen_name': 'JoeBiden', 'name': 'Joe Biden', 'id': '939091'}]",,,,
60,1629874364958244865,1629638396367732736,1677427304000.0,2023-02-26 21:31:44,+0530,,@JoeBiden Thou shalt not murder. Innocent children being offered up in death in the name of convenience. Ripped from a mother‚Äôs womb in pieces. Skulls crushed. Stabbed in the back of the neck. Left on cold metal to die. Cries heard and ignored. I pray you hear these cries in your sleep.,en,[],[],1612192485618642949,1612192485618642949,prayereffect,Jesus in Our Lives,7,21,https://twitter.com/prayereffect/status/1629874364958244865,[],[],0,,False,0,0,0,,Joe biden,,,,,,,"[{'screen_name': 'JoeBiden', 'name': 'Joe Biden', 'id': '939091'}]",,,,
61,1629874360830816256,1629864954093240321,1677427303000.0,2023-02-26 21:31:43,+0530,,@AntonioSabatoJr Dumb question.  Lol.  I‚Äôd take a dead possum over Joe Biden!!!,en,[],[],1450573716442779653,1450573716442779653,BMann50064145,B Meister,7,21,https://twitter.com/BMann50064145/status/1629874360830816256,[],[],0,,False,0,0,0,,Joe biden,,,,,,,"[{'screen_name': 'AntonioSabatoJr', 'name': 'Antonio Sabato Jr', 'id': '1518719815640395777'}]",,,,
62,1629874360222642178,1629638396367732736,1677427303000.0,2023-02-26 21:31:43,+0530,,"@JoeBiden I wonder when he will have an abortion, or his daughter? I'll tell you the puppet never had to make that decision. People who think women lost all os their right for womens rights for all other medical care have drank too much cool-aid.. Try Planned Parenthood for birth control.",en,[],[],52236697,52236697,Ladycocobelle,Jackie Tichy,7,21,https://twitter.com/Ladycocobelle/status/1629874360222642178,[],[],0,,False,0,0,0,,Joe biden,,,,,,,"[{'screen_name': 'JoeBiden', 'name': 'Joe Biden', 'id': '939091'}]",,,,
63,1629874359912497153,1623159894223253505,1677427303000.0,2023-02-26 21:31:43,+0530,,@JoeBiden Hey Joe üñï,en,[],[],1424498322564206592,1424498322564206592,TrevorBalbini1,Trevor Balbini,7,21,https://twitter.com/TrevorBalbini1/status/1629874359912497153,[],[],0,,False,0,0,0,,Joe biden,,,,,,,"[{'screen_name': 'JoeBiden', 'name': 'Joe Biden', 'id': '939091'}]",,,,
64,1629874352446492673,1629638396367732736,1677427301000.0,2023-02-26 21:31:41,+0530,,"@Practice_53 @calebparke @JoeBiden You spitting facts but honestly bro whether you like it or not half the country thinks it was stolen via the media, news, laws in certain states. Sucks man idrk how we move forward as a country tbh",en,[],[],1519385460732215297,1519385460732215297,samsterdam38,Samsterdam38,7,21,https://twitter.com/samsterdam38/status/1629874352446492673,[],[],0,,False,0,0,0,,Joe biden,,,,,,,"[{'screen_name': 'Practice_53', 'name': 'Brandon ‚ö°Ô∏è', 'id': '289708355'}, {'screen_name': 'calebparke', 'name': 'Caleb Parke', 'id': '38097395'}, {'screen_name': 'JoeBiden', 'name': 'Joe Biden', 'id': '939091'}]",,,,
65,1629874349338443784,1629874349338443784,1677427301000.0,2023-02-26 21:31:41,+0530,,"Clearly, he hasn‚Äôt listened to her speeches. Of course, Kamala was correct when she said that Joe Biden was a racist and was compromised with China.",en,[],[],1274823911008604160,1274823911008604160,MagaBold,RailroadRelic,7,21,https://twitter.com/MagaBold/status/1629874349338443784,[],[],0,,False,0,0,0,https://twitter.com/calltoactivism/status/1629555079375101953,Joe biden,,,,,,,[],,,,
66,1629874338920017923,1623160707079458817,1677427298000.0,2023-02-26 21:31:38,+0530,,@JoeBiden Hey Joe üñï,en,[],[],1424498322564206592,1424498322564206592,TrevorBalbini1,Trevor Balbini,7,21,https://twitter.com/TrevorBalbini1/status/1629874338920017923,[],[],0,,False,0,0,0,,Joe biden,,,,,,,"[{'screen_name': 'JoeBiden', 'name': 'Joe Biden', 'id': '939091'}]",,,,
67,1629874338429108224,1629859094189289473,1677427298000.0,2023-02-26 21:31:38,+0530,,@politico Lori Lightfoot (D) is the John Fetterman/Joe Biden of mayors. Utterly useless.,en,[],[],1572361498332200961,1572361498332200961,JawnyReb,Jawny Rebüá∫üá∏,7,21,https://twitter.com/JawnyReb/status/1629874338429108224,[],[],0,,False,0,0,0,,Joe biden,,,,,,,"[{'screen_name': 'politico', 'name': 'POLITICO', 'id': '9300262'}]",,,,
68,1629874336281636869,1629638396367732736,1677427298000.0,2023-02-26 21:31:38,+0530,,@JoeBiden I would have thought that's a minimum,en,[],[],50612745,50612745,jwstephens10,John Stephens,7,21,https://twitter.com/jwstephens10/status/1629874336281636869,[],[],0,,False,0,0,0,,Joe biden,,,,,,,"[{'screen_name': 'JoeBiden', 'name': 'Joe Biden', 'id': '939091'}]",,,,
69,1629874321580539909,1629638396367732736,1677427294000.0,2023-02-26 21:31:34,+0530,,"@JoeBiden Haha, you are gone.",en,[],[],1598369476004745224,1598369476004745224,NathanW17189125,Nathan Williamson,7,21,https://twitter.com/NathanW17189125/status/1629874321580539909,[],[],0,,False,0,0,0,,Joe biden,,,,,,,"[{'screen_name': 'JoeBiden', 'name': 'Joe Biden', 'id': '939091'}]",,,,
70,1629874321375256581,1629874321375256581,1677427294000.0,2023-02-26 21:31:34,+0530,, https://t.co/VgAC104yYx  https://t.co/TwYV1TCIat  https://t.co/ouNjDX9EAC  #twitter #facebook #metaverse #trump #joebiden #usa #war #russia #ukraine #putine #stopthewar #nature #photo #vegan #lgbt #trump2024,qme,"['twitter', 'facebook', 'metaverse', 'trump', 'joebiden', 'usa', 'war', 'russia', 'ukraine', 'putine', 'stopthewar', 'nature', 'photo', 'vegan', 'lgbt', 'trump2024']",[],1560992437128110080,1560992437128110080,UnPirater,Pirater-un-compte-fb.com,7,21,https://twitter.com/UnPirater/status/1629874321375256581,"['https://nursing.yale.edu/sites/default/files/webform/comment-espionner-un-compte-facebook-sans-logiciel-bh44e2gd42_0.pdf?utm_source=dlvr.it&utm_medium=twitter', 'https://nursing.yale.edu/sites/default/files/webform/comment-espionner-un-compte-facebook-sans-logiciel-bh44e2gd42_1.pdf?utm_source=dlvr.it&utm_medium=twitter', 'https://nursing.yale.edu/sites/default/files/webform/comment-espionner-un-compte-facebook-sans-logiciel-bh44e2gd42_2.pdf?utm_source=dlvr.it&utm_medium=twitter']",[],0,,False,0,0,0,,Joe biden,,,,,,,[],,,,
71,1629874316828618753,1623344744012083200,1677427293000.0,2023-02-26 21:31:33,+0530,,@JoeBiden Hey Joe üñï,en,[],[],1424498322564206592,1424498322564206592,TrevorBalbini1,Trevor Balbini,7,21,https://twitter.com/TrevorBalbini1/status/1629874316828618753,[],[],0,,False,0,0,0,,Joe biden,,,,,,,"[{'screen_name': 'JoeBiden', 'name': 'Joe Biden', 'id': '939091'}]",,,,
72,1629874315469488135,1629874315469488135,1677427293000.0,2023-02-26 21:31:33,+0530,,The Game = Blackmail = joe biden,en,[],[],1586756717181911042,1586756717181911042,VenusVisitor613,VenusVisitor,7,21,https://twitter.com/VenusVisitor613/status/1629874315469488135,[],[],0,,False,0,0,0,https://twitter.com/charliekirk11/status/1629251099063652357,Joe biden,,,,,,,[],,,,
73,1629874313045106693,1629638396367732736,1677427292000.0,2023-02-26 21:31:32,+0530,,"@JoeBiden You kill babies, what Joe?",en,[],[],1589969961916719109,1589969961916719109,JeremyDUrban,Jeremy D. Urban,7,21,https://twitter.com/JeremyDUrban/status/1629874313045106693,[],[],0,,False,0,0,0,,Joe biden,,,,,,,"[{'screen_name': 'JoeBiden', 'name': 'Joe Biden', 'id': '939091'}]",,,,
74,1629874311694614529,1629638396367732736,1677427292000.0,2023-02-26 21:31:32,+0530,,"@Practice_53 @GarfieldSplurge @calebparke @JoeBiden google is free, use it",en,[],[],1586170214961614848,1586170214961614848,malek_abdin,Malek Abdin,7,21,https://twitter.com/malek_abdin/status/1629874311694614529,[],[],0,,False,0,0,0,,Joe biden,,,,,,,"[{'screen_name': 'Practice_53', 'name': 'Brandon ‚ö°Ô∏è', 'id': '289708355'}, {'screen_name': 'GarfieldSplurge', 'name': 'Harry Robinson/Josh Ferme Superfan', 'id': '1494836428848644100'}, {'screen_name': 'calebparke', 'name': 'Caleb Parke', 'id': '38097395'}, {'screen_name': 'JoeBiden', 'name': 'Joe Biden', 'id': '939091'}]",,,,
75,1629874310792769552,1629638396367732736,1677427291000.0,2023-02-26 21:31:31,+0530,,@hxrley04 @CatieBarker @dmatt59 @AndreaDuquett13 @_TimSwain_ @JoeBiden Murder isn't a choice,en,[],[],918156942681559040,918156942681559040,rick_anthony52,Rickyüá∫üá∏,7,21,https://twitter.com/rick_anthony52/status/1629874310792769552,[],[],0,,False,0,0,0,,Joe biden,,,,,,,"[{'screen_name': 'hxrley04', 'name': 'J', 'id': '1452959476655534092'}, {'screen_name': 'CatieBarker', 'name': 'Catie Barker', 'id': '1563874542736621574'}, {'screen_name': 'dmatt59', 'name': 'Donna Matthews', 'id': '1074742423'}, {'screen_name': 'AndreaDuquett13', 'name': 'Andrea üòòüò©ü•µ', 'id': '1607273237578227712'}, {'screen_name': '_TimSwain_', 'name': 'Tim Swain', 'id': '1356282424313999361'}, {'screen_name': 'JoeBiden', 'name': 'Joe Biden', 'id': '939091'}]",,,,
76,1629874306749542403,1629860148037517315,1677427290000.0,2023-02-26 21:31:30,+0530,,@FoxNews I think more Americans support Putin more then Joe Biden,en,[],[],1619010989621403652,1619010989621403652,Hatter96187398,hatter,7,21,https://twitter.com/Hatter96187398/status/1629874306749542403,[],[],0,,False,0,0,0,,Joe biden,,,,,,,"[{'screen_name': 'FoxNews', 'name': 'Fox News', 'id': '1367531'}]",,,,
77,1629874306548154371,1629515791828914176,1677427290000.0,2023-02-26 21:31:30,+0530,,"@grettared @ericareport The photo shown here  is a photoshop, and yes Americans have the right to take over totalitarian governments like the one from Joe Biden who clearly had a fraudulent election. Illegals non citizens have to right to come to the US",en,[],[],1247756712,1247756712,reembertoparada,Reemberto Parada,7,21,https://twitter.com/reembertoparada/status/1629874306548154371,[],[],0,,False,0,0,0,,Joe biden,,,,,,,"[{'screen_name': 'grettared', 'name': 'grettared', 'id': '15543748'}, {'screen_name': 'ericareport', 'name': 'Erica Marsh', 'id': '1575205434843049984'}]",,,,
78,1629874305281716224,1626793260659122176,1677427290000.0,2023-02-26 21:31:30,+0530,,"@beachblond52 @Sweet_honeylu Meanwhile it‚Äôs traitor @JoeBiden in collusion with CCP and Ukraine, systematically destroying this nation and dragging the US into WWIII. Billions of American taxpayer dollars to corrupt Ukraine, money laundering, bio labs. Fake air raid sirens in Kyiv for the fake potus. FJB.",en,[],[],1472118805287485443,1472118805287485443,kiki_badoo,KiKi Boo,7,21,https://twitter.com/kiki_badoo/status/1629874305281716224,[],[],0,,False,0,0,0,,Joe biden,,,,,,,"[{'screen_name': 'beachblond52', 'name': 'Sheryl with an S üá∫üá∏üíôüåäüåäüè≥Ô∏è\u200düåàüáÆüá™‚òòÔ∏èüá∫üá¶üíî', 'id': '2155207283'}, {'screen_name': 'Sweet_honeylu', 'name': 'Sweetness', 'id': '1193077441914429446'}]",,,,
79,1629874302580408320,1629638396367732736,1677427289000.0,2023-02-26 21:31:29,+0530,,"@JoeBiden Why would Congress do that? They don't have the constitutional authority. Read the 10th amendment, FJB. Always trying to be the tough guy.",en,[],[],1599926953787662341,1599926953787662341,LarryN4150,LarryNewman,7,21,https://twitter.com/LarryN4150/status/1629874302580408320,[],[],0,,False,0,0,0,,Joe biden,,,,,,,"[{'screen_name': 'JoeBiden', 'name': 'Joe Biden', 'id': '939091'}]",,,,
80,1629874300143427588,1629638396367732736,1677427289000.0,2023-02-26 21:31:29,+0530,,@IsJunkie @Daytobehappy @IJSKOUDMOVIE @gramoftranskid @JoeBiden It's always been funny to me how Maga /magat is so similar to maggot just with a different spelling üòÇ,en,[],[],1311400698907684865,1311400698907684865,CocolosoR,CocolosoQueenEmpress2,7,21,https://twitter.com/CocolosoR/status/1629874300143427588,[],[],0,,False,0,0,0,,Joe biden,,,,,,,"[{'screen_name': 'IsJunkie', 'name': 'IvanIsAJunkie', 'id': '1079126923983245312'}, {'screen_name': 'Daytobehappy', 'name': 'Ultra MAGA Joyce Day', 'id': '1029096279685648385'}, {'screen_name': 'IJSKOUDMOVIE', 'name': 'ijskoud', 'id': '2508649712'}, {'screen_name': 'gramoftranskid', 'name': 'Kathy McCurdy', 'id': '314741491'}, {'screen_name': 'JoeBiden', 'name': 'Joe Biden', 'id': '939091'}]",,,,
81,1629874297081679874,1625867059522424836,1677427288000.0,2023-02-26 21:31:28,+0530,,@BoKatan24 The left are fascist and Justin #Trudeau is the #RudolfHess for Klaus Schwab's #WEF. Joe Biden is the fat old Kaiser.,en,"['trudeau', 'rudolfhess', 'wef']",[],1344647460958986241,1344647460958986241,KRSJr_1963,Chuck Klein's hat,7,21,https://twitter.com/KRSJr_1963/status/1629874297081679874,[],[],0,,False,0,0,0,,Joe biden,,,,,,,"[{'screen_name': 'BoKatan24', 'name': 'üá®üá¶üá®üá¶Bokatanüá®üá¶üá®üá¶', 'id': '952912800292143106'}]",,,,
82,1629874295974551552,1623401281686499328,1677427288000.0,2023-02-26 21:31:28,+0530,,@JoeBiden Hey Joe üñï,en,[],[],1424498322564206592,1424498322564206592,TrevorBalbini1,Trevor Balbini,7,21,https://twitter.com/TrevorBalbini1/status/1629874295974551552,[],[],0,,False,0,0,0,,Joe biden,,,,,,,"[{'screen_name': 'JoeBiden', 'name': 'Joe Biden', 'id': '939091'}]",,,,
83,1629874291930955776,1629638396367732736,1677427287000.0,2023-02-26 21:31:27,+0530,,"@JoeBiden Of course you will.  You want the most vulnerable Americans to die!  When was the last time you took communion?  You aren‚Äôt allowed to, are you?",en,[],[],832024876936470532,832024876936470532,Scorpio_66_,Scorpion,7,21,https://twitter.com/Scorpio_66_/status/1629874291930955776,[],[],0,,False,0,0,0,,Joe biden,,,,,,,"[{'screen_name': 'JoeBiden', 'name': 'Joe Biden', 'id': '939091'}]",,,,
84,1629874282317885440,1629638396367732736,1677427285000.0,2023-02-26 21:31:25,+0530,,@calebparke @JoeBiden You‚Äôre delusional if you believe this.,en,[],[],14171375,14171375,chicknmilkk,chicknmilk,7,21,https://twitter.com/chicknmilkk/status/1629874282317885440,[],[],0,,False,0,0,0,,Joe biden,,,,,,,"[{'screen_name': 'calebparke', 'name': 'Caleb Parke', 'id': '38097395'}, {'screen_name': 'JoeBiden', 'name': 'Joe Biden', 'id': '939091'}]",,,,
85,1629874279926886400,1629638396367732736,1677427284000.0,2023-02-26 21:31:24,+0530,,@JoeBiden Evil,en,[],[],1598818977127583752,1598818977127583752,Alice99649889,Alice,7,21,https://twitter.com/Alice99649889/status/1629874279926886400,[],[],0,,False,0,0,0,,Joe biden,,,,,,,"[{'screen_name': 'JoeBiden', 'name': 'Joe Biden', 'id': '939091'}]",,,,
86,1629874270926163969,1623510496870645762,1677427282000.0,2023-02-26 21:31:22,+0530,,@JoeBiden Hey Joe üñï,en,[],[],1424498322564206592,1424498322564206592,TrevorBalbini1,Trevor Balbini,7,21,https://twitter.com/TrevorBalbini1/status/1629874270926163969,[],[],0,,False,0,0,0,,Joe biden,,,,,,,"[{'screen_name': 'JoeBiden', 'name': 'Joe Biden', 'id': '939091'}]",,,,
87,1629874256145252353,1629638396367732736,1677427278000.0,2023-02-26 21:31:18,+0530,,@JoeBiden Stop killing babies you fake catholic pistol pedo pete. Don't ban me. Your own disgraced druggy son calls you that .,en,[],[],1708262784,1708262784,transamws62000,Ramon Ruvalcaba,7,21,https://twitter.com/transamws62000/status/1629874256145252353,[],[],0,,False,0,0,0,,Joe biden,,,,,,,"[{'screen_name': 'JoeBiden', 'name': 'Joe Biden', 'id': '939091'}]",,,,
88,1629874247752650752,1623698991270559745,1677427276000.0,2023-02-26 21:31:16,+0530,,@JoeBiden Hey Joe üñï,en,[],[],1424498322564206592,1424498322564206592,TrevorBalbini1,Trevor Balbini,7,21,https://twitter.com/TrevorBalbini1/status/1629874247752650752,[],[],0,,False,0,0,0,,Joe biden,,,,,,,"[{'screen_name': 'JoeBiden', 'name': 'Joe Biden', 'id': '939091'}]",,,,
89,1629874245554655233,1629874245554655233,1677427276000.0,2023-02-26 21:31:16,+0530,,@JoeBiden loves cops,en,[],[],1586372220,1586372220,Rhymeswithhaat,Nuovo Pomaricano,7,21,https://twitter.com/Rhymeswithhaat/status/1629874245554655233,[],[],0,,False,0,0,0,https://twitter.com/IncarcerNation/status/1629852786547630083,Joe biden,,,,,,,[],,,,
90,1629874245172903936,1629638396367732736,1677427276000.0,2023-02-26 21:31:16,+0530,,@davidboxenhorn @JoeBiden It failed in the Senate. Couldn't get cloture. Didn't even get Manchin's vote.  https://t.co/VXhbHDGl2T,en,[],[],1487954536992059394,1487954536992059394,TheMikeIsenberg,Michael Isenberg,7,21,https://twitter.com/TheMikeIsenberg/status/1629874245172903936,['https://www.nbcnews.com/news/senate-vote-nationwide-abortion-bill-ahead-roe-decision-rcna28183'],[],0,,False,0,0,0,,Joe biden,,,,,,,"[{'screen_name': 'davidboxenhorn', 'name': 'David Boxenhorn', 'id': '25248934'}, {'screen_name': 'JoeBiden', 'name': 'Joe Biden', 'id': '939091'}]",,,,
91,1629874241385517057,1629511539467120640,1677427275000.0,2023-02-26 21:31:15,+0530,,"@The_Trump_Train Yes we give them joe Biden, we get Crimea",en,[],[],1579514036005249024,1579514036005249024,SpegelKen,Ken Spegel,7,21,https://twitter.com/SpegelKen/status/1629874241385517057,[],[],0,,False,0,0,0,,Joe biden,,,,,,,"[{'screen_name': 'The_Trump_Train', 'name': 'The Trump Train üöÇüá∫üá∏', 'id': '4102376488'}]",,,,
92,1629874238541758468,1629638396367732736,1677427274000.0,2023-02-26 21:31:14,+0530,,@JoeBiden Just say your support killing unborn babies if you agree with this post.,en,[],[],2170326505,2170326505,andrewjessip84,Andrew,7,21,https://twitter.com/andrewjessip84/status/1629874238541758468,[],[],0,,False,0,0,0,,Joe biden,,,,,,,"[{'screen_name': 'JoeBiden', 'name': 'Joe Biden', 'id': '939091'}]",,,,
93,1629874235723202567,1629666434526638080,1677427274000.0,2023-02-26 21:31:14,+0530,,@amuse Yep climate change happens every day and this happens every hundred years - nothingburger - u think this or nuc weapons in Joe Biden‚Äôs hands a greater threat to us??,en,[],[],1538245661711249408,1538245661711249408,SteveBuckeye23,Steve,7,21,https://twitter.com/SteveBuckeye23/status/1629874235723202567,[],[],0,,False,0,0,0,,Joe biden,,,,,,,"[{'screen_name': 'amuse', 'name': '@amuse', 'id': '4239551'}]",,,,
94,1629874235010154496,1629638396367732736,1677427273000.0,2023-02-26 21:31:13,+0530,,@JesseASweeney @TommyPigott @JoeBiden SEPARATION OF CHURCH AND STATE !!!¬° anyone heard of that,en,[],[],1408783447980642308,1408783447980642308,Kaykay6101,Kaykay610,7,21,https://twitter.com/Kaykay6101/status/1629874235010154496,[],[],0,,False,0,0,0,,Joe biden,,,,,,,"[{'screen_name': 'JesseASweeney', 'name': 'üá∫üá∏ùôπùöéùöúùöúùöé ùöÇùö†ùöéùöéùöóùöéùö¢üá∫üá∏', 'id': '487609091'}, {'screen_name': 'TommyPigott', 'name': 'Tommy Pigott', 'id': '902178672626593793'}, {'screen_name': 'JoeBiden', 'name': 'Joe Biden', 'id': '939091'}]",,,,
95,1629874234724962305,1629858829625094146,1677427273000.0,2023-02-26 21:31:13,+0530,,"@POTUS Real progress Joe, why don‚Äôt you work on the progressing of our inflation or crime or drugs in the country, illegal immigration, American citizens we deserve better, but do you believe Joe Biden can deliver when he hasn‚Äôt in two years only two more to go thank God",en,[],[],726069313908645888,726069313908645888,EricShep32877,Eric,7,21,https://twitter.com/EricShep32877/status/1629874234724962305,[],[],0,,False,0,0,0,,Joe biden,,,,,,,"[{'screen_name': 'POTUS', 'name': 'President Biden', 'id': '1349149096909668363'}]",,,,
96,1629874233412136963,1629638396367732736,1677427273000.0,2023-02-26 21:31:13,+0530,,@hxrley04 @Metallikate @_TimSwain_ @JoeBiden Where is the man who got you pregnant?,en,[],[],729019241404477440,729019241404477440,feltontherivers,Concealed for Freedom,7,21,https://twitter.com/feltontherivers/status/1629874233412136963,[],[],0,,False,0,0,0,,Joe biden,,,,,,,"[{'screen_name': 'hxrley04', 'name': 'J', 'id': '1452959476655534092'}, {'screen_name': 'Metallikate', 'name': 'Kattie Tarvid', 'id': '90505396'}, {'screen_name': '_TimSwain_', 'name': 'Tim Swain', 'id': '1356282424313999361'}, {'screen_name': 'JoeBiden', 'name': 'Joe Biden', 'id': '939091'}]",,,,
97,1629874232711847938,1629591748631580673,1677427273000.0,2023-02-26 21:31:13,+0530,,"@TheSnarkTank99 @JoJoFromJerz So while @JoeBiden was giving away my tax money to one of the most corrupt countries to exist, Trump was using his to help Americans that need it. So from way you make it sound you‚Äôre either a complete moron or you simp for Joe quite often",en,[],[],2998895066,2998895066,harrisbl79,Bugle ‚Äòem,7,21,https://twitter.com/harrisbl79/status/1629874232711847938,[],[],0,,False,0,0,0,,Joe biden,,,,,,,"[{'screen_name': 'TheSnarkTank99', 'name': 'SnarkTank', 'id': '4385144357'}, {'screen_name': 'JoJoFromJerz', 'name': 'Jo üåª', 'id': '818893114979061761'}]",,,,
98,1629874231327481857,1629638396367732736,1677427273000.0,2023-02-26 21:31:13,+0530,,"@sanders_tv @LindaKi08625044 @JoeBiden Sadly, the joke is on us.",en,[],[],1400432254329962504,1400432254329962504,JudithArnett1,Judith Arnett,7,21,https://twitter.com/JudithArnett1/status/1629874231327481857,[],[],0,,False,0,0,0,,Joe biden,,,,,,,"[{'screen_name': 'sanders_tv', 'name': 'SANDERSTV', 'id': '1126406763727790080'}, {'screen_name': 'LindaKi08625044', 'name': 'Linda King', 'id': '1251609629282500609'}, {'screen_name': 'JoeBiden', 'name': 'Joe Biden', 'id': '939091'}]",,,,
99,1629874226877575170,1623742302987452417,1677427271000.0,2023-02-26 21:31:11,+0530,,@JoeBiden Hey Joe üñï,en,[],[],1424498322564206592,1424498322564206592,TrevorBalbini1,Trevor Balbini,7,21,https://twitter.com/TrevorBalbini1/status/1629874226877575170,[],[],0,,False,0,0,0,,Joe biden,,,,,,,"[{'screen_name': 'JoeBiden', 'name': 'Joe Biden', 'id': '939091'}]",,,,
